,cinema_name,15_total_route,15_total_duration,15_walk_to,15_walk_from,15_total_changes,18_total_route,18_total_duration,18_walk_to,18_walk_from,18_total_changes,21_total_route,21_total_duration,21_walk_to,21_walk_from,21_total_changes,car_duration,foot_duration,area,start_location,distance_start_centroid,distance_start_cinema,geometry,average duration,15_speed,18_speed,21_speed,average speed,average duration difference to car,15_fastest_mode,15_trip_duration,15_fastest_overall_mode,15_transit_dur,15_walk_share,18_fastest_mode,18_trip_duration,18_fastest_overall_mode,18_transit_dur,18_walk_share,21_fastest_mode,21_trip_duration,21_fastest_overall_mode,21_transit_dur,21_walk_share,average transit duration,average walk share,average changes,15_chosen_route,18_chosen_route,21_chosen_route,average_chosen_route,15_visit_time,15_likely_women,15_possible_women,18_visit_time,18_likely_women,18_possible_women,21_visit_time,21_likely_women,21_possible_women,average_visit_time,average_likely_women,average_possible_women,15_likely_men,15_possible_men,18_likely_men,18_possible_men,21_likely_men,21_possible_men,average_likely_men,average_possible_men,15_likely_children 10-17,15_possible_children 10-17,18_likely_children 10-17,18_possible_children 10-17,21_likely_children 10-17,21_possible_children 10-17,average_likely_children 10-17,average_possible_children 10-17,15_likely_45-64,15_possible_45-64,18_likely_45-64,18_possible_45-64,21_likely_45-64,21_possible_45-64,average_likely_45-64,average_possible_45-64,15_likely_65 and over,15_possible_65 and over,18_likely_65 and over,18_possible_65 and over,21_likely_65 and over,21_possible_65 and over,average_likely_65 and over,average_possible_65 and over
0,Kinowelt Alfeld,Kinowelt Alfeld_AlfeldBreslauerStraße_15.csv,6796.9,2355.3,1861.6,0,Kinowelt Alfeld_AlfeldBreslauerStraße_18.csv,6796.9,2355.3,1861.6,2,no routes possible to this cinema,,,,,562.9,2687.6,Alfeld (Leine),POINT (9.797634397476363 51.96419932071918),3092.0501240760045,3244.068562132125,,,0.4772864926852131,0.4772864926852131,,,,foot,2687.6,car,2580.0,62.04151892774647,foot,2687.6,car,2580.0,62.04151892774647,foot,2687.6,car,,,,,,2687.6,2687.6,2687.6,2687.6,10775.2,no,yes,10775.2,no,yes,10775.2,no,yes,10775.2,no,yes,no,yes,no,yes,no,yes,no,yes,no,yes,no,yes,no,yes,no,yes,no,yes,no,yes,no,yes,no,yes,no,yes,no,yes,no,yes,no,yes
1,Kinowelt Alfeld,Kinowelt Alfeld_GodenauKolonie_15.csv,3109.2,140.7,448.5,1,Kinowelt Alfeld_GodenauKolonie_18.csv,6400.2,2081.9,178.3,1,no routes possible to this cinema,,,,,558.2,4345.8,Alfeld (Leine),POINT (9.772352122800779 52.025336963728314),5602.472644782313,5488.688740966634,,,1.765305783148924,0.8575808163755249,,,,transit,3109.2,car,2520.0,18.95021227325357,foot,4345.8,car,4140.0,35.31452142120559,foot,4345.8,car,,,,,,3109.2,4345.8,4345.8,3933.6,11618.4,no,yes,14091.6,no,yes,14091.6,no,yes,13267.2,no,yes,no,yes,no,yes,no,yes,no,yes,no,yes,no,yes,no,yes,no,yes,no,yes,no,yes,no,yes,no,yes,no,yes,no,yes,no,yes,no,yes
2,Kinowelt Alfeld,Kinowelt Alfeld_AlfeldAndenSteinköpfen_15.csv,3551.3,874.4,576.9,0,Kinowelt Alfeld_AlfeldAndenSteinköpfen_18.csv,4367.4,1249.1,898.3,0,no routes possible to this cinema,,,,,487.5,2034.6,Alfeld (Leine),POINT (9.806258499603212 51.96874259679973),2340.013077533068,2497.675758843271,,,0.7033130850233072,0.5718907722771606,,,,foot,2034.6,car,2100.0,40.86672486131839,foot,2034.6,car,2220.0,49.16884187388377,foot,2034.6,car,,,,,,2034.6,2034.6,2034.6,2034.5999999999997,9469.2,no,yes,9469.2,no,yes,9469.2,no,yes,9469.199999999999,no,yes,no,yes,no,yes,no,yes,no,yes,no,yes,no,yes,no,yes,no,yes,no,yes,no,yes,no,yes,no,yes,no,yes,no,yes,no,yes,no,yes
3,Kinowelt Alfeld,"Kinowelt Alfeld_Alfeld(Leine),Dr.-Jansen-Str._15.csv",805.1,566.8,178.3,0,"Kinowelt Alfeld_Alfeld(Leine),Dr.-Jansen-Str._18.csv",805.1,566.8,178.3,0,"Kinowelt Alfeld_Alfeld(Leine),Dr.-Jansen-Str._21.csv",805.1,566.8,178.3,0.0,664.6,1032.3,Alfeld (Leine),POINT (9.833298832298972 51.99520149047929),1139.9179612090393,985.9273107787008,,2415.3,1.2246022988184089,1.2246022988184089,1.2246022988184089,1.2246022988184089,1750.7000000000005,transit,805.1,car,60.000000000000114,92.54750962613338,transit,805.1,car,60.000000000000114,92.54750962613338,transit,805.1,car,60.000000000000114,92.54750962613338,180.00000000000034,92.54750962613338,0.0,805.1,805.1,805.1,805.1,7010.2,no,yes,7010.2,no,yes,7010.2,no,yes,7010.2,no,yes,no,yes,no,yes,no,yes,no,yes,yes,yes,yes,yes,yes,yes,yes,yes,no,yes,no,yes,no,yes,no,yes,no,yes,no,yes,no,yes,no,yes
4,Kinowelt Alfeld,Kinowelt Alfeld_Langenholzen_15.csv,1017.8,250.4,407.4,0,Kinowelt Alfeld_Langenholzen_18.csv,1017.8,250.4,407.4,0,Kinowelt Alfeld_Langenholzen_21.csv,2848.2,2489.9,178.3,0.0,491.7,2683.0,Alfeld (Leine),POINT (9.868164772422205 51.97304781120711),3359.213844178816,3417.102382041476,,4883.799999999999,3.357341699785298,3.357341699785298,1.1997410231168726,2.6381414742291565,4392.099999999999,transit,1017.8,car,360.0,64.62959324032227,transit,1017.8,car,360.0,64.62959324032227,foot,2683.0,car,179.99999999999957,93.68021908573836,899.9999999999995,74.31313518879429,0.0,1017.8,1017.8,2683.0,1572.8666666666668,7435.6,no,yes,7435.6,no,yes,10766.0,no,yes,8545.733333333334,no,yes,no,yes,no,yes,no,yes,no,yes,yes,yes,yes,yes,no,yes,no,yes,no,yes,no,yes,no,yes,no,yes,no,yes,no,yes,no,yes,no,yes
5,Kinowelt Alfeld,Kinowelt Alfeld_AlfeldBergstraße_15.csv,1059.1,291.7,407.4,0,Kinowelt Alfeld_AlfeldBergstraße_18.csv,1059.1,291.7,407.4,0,Kinowelt Alfeld_AlfeldBergstraße_21.csv,2475.2,2116.9,178.3,0.0,427.5,2173.9,Alfeld (Leine),POINT (9.859834378242951 51.975756409407204),2712.693213778062,2770.6864958133656,,4593.4,2.616076381657413,2.616076381657413,1.1193788363822583,2.117177199899028,4165.9,transit,1059.1,car,360.0,66.00887546029648,transit,1059.1,car,360.0,66.00887546029648,foot,2173.9,car,179.99999999999957,92.72786037491922,899.9999999999995,74.91520376517073,0.0,1059.1,1059.1,2173.9,1430.7,7518.2,no,yes,7518.2,no,yes,9747.8,no,yes,8261.4,no,yes,no,yes,no,yes,no,yes,no,yes,yes,yes,yes,yes,no,yes,no,yes,no,yes,no,yes,no,yes,no,yes,no,yes,no,yes,no,yes,no,yes
6,Kinowelt Alfeld,Kinowelt Alfeld_AlfeldNeuerFriedhofH.S._15.csv,579.2,340.9,178.3,0,Kinowelt Alfeld_AlfeldNeuerFriedhofH.S._18.csv,579.2,340.9,178.3,0,Kinowelt Alfeld_AlfeldNeuerFriedhofH.S._21.csv,693.9,395.6,178.3,0.0,200.9,437.2,Alfeld (Leine),POINT (9.8225852147337 51.992337167398965),656.3600190985525,497.5577649914287,,1852.3,0.85904310254045,0.85904310254045,0.7170453451382458,0.8117105167397153,1651.4,foot,437.2,car,60.0,89.64088397790054,foot,437.2,car,60.0,89.64088397790054,foot,437.2,car,119.99999999999989,82.70644185041073,239.9999999999999,87.32940326873727,0.0,437.2,437.2,437.2,437.2,6274.4,yes,yes,6274.4,yes,yes,6274.4,yes,yes,6274.4,yes,yes,yes,yes,yes,yes,yes,yes,yes,yes,yes,yes,yes,yes,yes,yes,yes,yes,no,yes,no,yes,no,yes,no,yes,yes,yes,yes,yes,yes,yes,yes,yes
7,Kinowelt Alfeld,Kinowelt Alfeld_AlfeldAmHeitkamp_15.csv,853.3,615.0,178.3,0,Kinowelt Alfeld_AlfeldAmHeitkamp_18.csv,853.3,615.0,178.3,0,Kinowelt Alfeld_AlfeldAmHeitkamp_21.csv,853.3,615.0,178.3,0.0,389.7,1091.2,Alfeld (Leine),POINT (9.84214884551809 51.987908335771635),1227.4084768309378,1193.7168135223014,,2559.9,1.398941537000236,1.398941537000236,1.398941537000236,1.398941537000236,2170.2,transit,853.3,car,60.0,92.9684753310676,transit,853.3,car,60.0,92.9684753310676,transit,853.3,car,60.0,92.9684753310676,180.0,92.9684753310676,0.0,853.3,853.3,853.3,853.2999999999998,7106.6,no,yes,7106.6,no,yes,7106.6,no,yes,7106.599999999999,no,yes,no,yes,no,yes,no,yes,no,yes,yes,yes,yes,yes,yes,yes,yes,yes,no,yes,no,yes,no,yes,no,yes,no,yes,no,yes,no,yes,no,yes
8,Kinowelt Alfeld,Kinowelt Alfeld_AlfeldBreslauerStraße_15.csv,6388.9,1947.3,1861.6,0,Kinowelt Alfeld_AlfeldBreslauerStraße_18.csv,6388.9,1947.3,1861.6,2,no routes possible to this cinema,,,,,552.0,2169.2,Alfeld (Leine),POINT (9.80356794780091 51.96940890818943),2383.835289666168,2535.592309768111,,,0.3968746278339168,0.3968746278339168,,,,foot,2169.2,car,2580.0,59.617461534849504,foot,2169.2,car,2580.0,59.617461534849504,foot,2169.2,car,,,,,,2169.2,2169.2,2169.2,2169.2,9738.4,no,yes,9738.4,no,yes,9738.4,no,yes,9738.4,no,yes,no,yes,no,yes,no,yes,no,yes,no,yes,no,yes,no,yes,no,yes,no,yes,no,yes,no,yes,no,yes,no,yes,no,yes,no,yes,no,yes
9,Kinowelt Alfeld,Kinowelt Alfeld_DelligsenKindergarten_15.csv,6757.9,2316.3,1861.6,0,Kinowelt Alfeld_DelligsenKindergarten_18.csv,6757.9,2316.3,1861.6,2,no routes possible to this cinema,,,,,571.3,2578.0,Alfeld (Leine),POINT (9.799278579769586 51.96474534984012),2976.541955276484,3129.9971144082742,,,0.4631612060563598,0.4631612060563598,,,,foot,2578.0,car,2580.0,61.82245963982894,foot,2578.0,car,2580.0,61.82245963982894,foot,2578.0,car,,,,,,2578.0,2578.0,2578.0,2578.0,10556.0,no,yes,10556.0,no,yes,10556.0,no,yes,10556.0,no,yes,no,yes,no,yes,no,yes,no,yes,no,yes,no,yes,no,yes,no,yes,no,yes,no,yes,no,yes,no,yes,no,yes,no,yes,no,yes,no,yes
10,Kinowelt Alfeld,Kinowelt Alfeld_DelligsenKindergarten_15.csv,4053.3,1376.4,576.9,0,Kinowelt Alfeld_DelligsenKindergarten_18.csv,7496.7,235.1,1861.6,1,no routes possible to this cinema,,,,,597.7,2536.7,Alfeld (Leine),POINT (9.802413055950284 51.964253350583554),2903.637935628045,3062.073018358213,,,0.755451858574054,0.4084561231419442,,,,foot,2536.7,car,2100.0,48.19036340759381,foot,2536.7,car,5400.0,27.96830605466405,foot,2536.7,car,,,,,,2536.7,2536.7,2536.7,2536.7,10473.4,no,yes,10473.4,no,yes,10473.4,no,yes,10473.4,no,yes,no,yes,no,yes,no,yes,no,yes,no,yes,no,yes,no,yes,no,yes,no,yes,no,yes,no,yes,no,yes,no,yes,no,yes,no,yes,no,yes
11,Kinowelt Alfeld,Kinowelt Alfeld_AlfeldBreslauerStraße_15.csv,6530.4,2088.8,1861.6,0,Kinowelt Alfeld_AlfeldBreslauerStraße_18.csv,6530.4,2088.8,1861.6,2,no routes possible to this cinema,,,,,530.9,2351.9,Alfeld (Leine),POINT (9.80117726703149 51.96670337007964),2723.541701696306,2876.532770383184,,,0.4404833961753008,0.4404833961753008,,,,foot,2351.9,car,2579.9999999999995,60.49246600514517,foot,2351.9,car,2579.9999999999995,60.49246600514517,foot,2351.9,car,,,,,,2351.9,2351.9,2351.9,2351.9,10103.8,no,yes,10103.8,no,yes,10103.8,no,yes,10103.8,no,yes,no,yes,no,yes,no,yes,no,yes,no,yes,no,yes,no,yes,no,yes,no,yes,no,yes,no,yes,no,yes,no,yes,no,yes,no,yes,no,yes
12,Kinowelt Alfeld,Kinowelt Alfeld_AlfeldAndenSteinköpfen_15.csv,4134.8,874.4,1160.4,0,Kinowelt Alfeld_AlfeldAndenSteinköpfen_18.csv,4367.4,1249.1,898.3,0,no routes possible to this cinema,,,,,487.5,2034.6,Alfeld (Leine),POINT (9.806258499603212 51.96874259679973),2340.013077533068,2497.675758843271,,,0.604062048670618,0.5718907722771606,,,,foot,2034.6,car,2100.0,49.21157008803328,foot,2034.6,car,2220.0,49.16884187388377,foot,2034.6,car,,,,,,2034.6,2034.6,2034.6,2034.5999999999997,9469.2,no,yes,9469.2,no,yes,9469.2,no,yes,9469.199999999999,no,yes,no,yes,no,yes,no,yes,no,yes,no,yes,no,yes,no,yes,no,yes,no,yes,no,yes,no,yes,no,yes,no,yes,no,yes,no,yes,no,yes
13,Kinowelt Alfeld,Kinowelt Alfeld_AlfeldBergstraße_15.csv,1007.6,240.2,407.4,0,Kinowelt Alfeld_AlfeldBergstraße_18.csv,1007.6,240.2,407.4,0,Kinowelt Alfeld_AlfeldBergstraße_21.csv,2527.0,2168.7,178.3,0.0,432.6,2225.6,Alfeld (Leine),POINT (9.860776512230908 51.97546677571994),2784.9836484192497,2842.8688904602964,,4542.2,2.821426052461588,2.821426052461588,1.124997582295329,2.255949895739502,4109.599999999999,transit,1007.6,car,360.0000000000001,64.27153632393807,transit,1007.6,car,360.0000000000001,64.27153632393807,foot,2225.6,car,180.0,92.8769291650178,900.0000000000002,73.80666727096465,0.0,1007.6,1007.6,2225.6,1413.6000000000001,7415.2,no,yes,7415.2,no,yes,9851.2,no,yes,8227.2,no,yes,no,yes,no,yes,no,yes,no,yes,yes,yes,yes,yes,no,yes,no,yes,no,yes,no,yes,no,yes,no,yes,no,yes,no,yes,no,yes,no,yes
14,Kinowelt Alfeld,"Kinowelt Alfeld_Alfeld(Leine),Dr.-Jansen-Str._15.csv",805.1,566.8,178.3,0,"Kinowelt Alfeld_Alfeld(Leine),Dr.-Jansen-Str._18.csv",805.1,566.8,178.3,0,"Kinowelt Alfeld_Alfeld(Leine),Dr.-Jansen-Str._21.csv",805.1,566.8,178.3,0.0,664.6,1032.3,Alfeld (Leine),POINT (9.833298832298972 51.99520149047929),1139.9179612090393,985.9273107787008,,2415.3,1.2246022988184089,1.2246022988184089,1.2246022988184089,1.2246022988184089,1750.7000000000005,transit,805.1,car,60.000000000000114,92.54750962613338,transit,805.1,car,60.000000000000114,92.54750962613338,transit,805.1,car,60.000000000000114,92.54750962613338,180.00000000000034,92.54750962613338,0.0,805.1,805.1,805.1,805.1,7010.2,no,yes,7010.2,no,yes,7010.2,no,yes,7010.2,no,yes,no,yes,no,yes,no,yes,no,yes,yes,yes,yes,yes,yes,yes,yes,yes,no,yes,no,yes,no,yes,no,yes,no,yes,no,yes,no,yes,no,yes
15,Kinowelt Alfeld,Kinowelt Alfeld_HoheWarte_15.csv,6826.1,3857.6,448.5,1,Kinowelt Alfeld_HoheWarte_18.csv,7467.1,3148.8,178.3,1,no routes possible to this cinema,,,,,590.6,3796.8,Alfeld (Leine),POINT (9.769293399999999 51.986781900000004),3785.3125952234377,3812.261446151101,,,0.5584830937359694,0.5105410997778389,,,,foot,3796.8,car,2520.0,63.08287309005142,foot,3796.8,car,4140.0,44.55678911491744,foot,3796.8,car,,,,,,3796.8,3796.8,3796.8,3796.8000000000006,12993.6,no,yes,12993.6,no,yes,12993.6,no,yes,12993.600000000002,no,yes,no,yes,no,yes,no,yes,no,yes,no,yes,no,yes,no,yes,no,yes,no,yes,no,yes,no,yes,no,yes,no,yes,no,yes,no,yes,no,yes
16,Kinowelt Alfeld,Kinowelt Alfeld_AlfeldNeuerFriedhofH.S._15.csv,578.3,340.0,178.3,0,Kinowelt Alfeld_AlfeldNeuerFriedhofH.S._18.csv,578.3,340.0,178.3,0,Kinowelt Alfeld_AlfeldNeuerFriedhofH.S._21.csv,695.2,396.9,178.3,0.0,200.6,423.2,Alfeld (Leine),POINT (9.823092415426474 51.99234312636171),651.2567269729794,488.8413252845936,,1851.8,0.8453074966014069,0.8453074966014069,0.7031664632977468,0.7979271521668536,1651.2,foot,423.2,car,60.0,89.62476223413454,foot,423.2,car,60.0,89.62476223413454,foot,423.2,car,120.0,82.73878020713464,240.0,87.32943489180124,0.0,423.2,423.2,423.2,423.2,6246.4,yes,yes,6246.4,yes,yes,6246.4,yes,yes,6246.4,yes,yes,yes,yes,yes,yes,yes,yes,yes,yes,yes,yes,yes,yes,yes,yes,yes,yes,no,yes,no,yes,no,yes,no,yes,yes,yes,yes,yes,yes,yes,yes,yes
17,Kinowelt Alfeld,Kinowelt Alfeld_AlfeldAntoniplatz_15.csv,666.1,427.8,178.3,0,Kinowelt Alfeld_AlfeldAntoniplatz_18.csv,666.1,427.8,178.3,0,Kinowelt Alfeld_AlfeldAntoniplatz_21.csv,692.6,394.3,178.3,0.0,229.8,325.3,Alfeld (Leine),POINT (9.824003479453523 51.99204197598623),612.0657041378097,444.7218643565611,,2024.8,0.6676502992892375,0.6676502992892375,0.6421049153285606,0.6591351713023452,1795.0000000000002,foot,325.3,car,60.0,90.99234349196816,foot,325.3,car,60.0,90.99234349196816,foot,325.3,car,120.0,82.67398209644817,240.0,88.21955636012817,0.0,325.3,325.3,325.3,325.3,6050.6,yes,yes,6050.6,yes,yes,6050.6,yes,yes,6050.6,yes,yes,yes,yes,yes,yes,yes,yes,yes,yes,yes,yes,yes,yes,yes,yes,yes,yes,no,yes,no,yes,no,yes,no,yes,yes,yes,yes,yes,yes,yes,yes,yes
18,Kinowelt Alfeld,Kinowelt Alfeld_AlfeldAndenSteinköpfen_15.csv,4535.7,1275.3,1160.4,0,Kinowelt Alfeld_AlfeldAndenSteinköpfen_18.csv,4768.3,1650.0,898.3,0,no routes possible to this cinema,,,,,541.3,2435.5,Alfeld (Leine),POINT (9.800261342705934 51.96762784408372),2679.387936061556,2829.1381351197506,,,0.6237489549837403,0.5933221766918505,,,,foot,2435.5,car,2100.0,53.70064157682386,foot,2435.5,car,2220.0,53.44252668665982,foot,2435.5,car,,,,,,2435.5,2435.5,2435.5,2435.5,10271.0,no,yes,10271.0,no,yes,10271.0,no,yes,10271.0,no,yes,no,yes,no,yes,no,yes,no,yes,no,yes,no,yes,no,yes,no,yes,no,yes,no,yes,no,yes,no,yes,no,yes,no,yes,no,yes,no,yes
19,Kinowelt Alfeld,Kinowelt Alfeld_AlfeldAndenSteinköpfen_15.csv,4579.3,1318.9,1160.4,0,Kinowelt Alfeld_AlfeldAndenSteinköpfen_18.csv,4811.9,1693.6,898.3,0,no routes possible to this cinema,,,,,546.8,2479.1,Alfeld (Leine),POINT (9.799187315853887 51.96553052675657),2909.562384525496,3061.580898718368,,,0.6685696282659725,0.6362519792012237,,,,foot,2479.1,car,2100.0,54.14146266896688,foot,2479.1,car,2220.0,53.864377896465015,foot,2479.1,car,,,,,,2479.1,2479.1,2479.1,2479.1,10358.2,no,yes,10358.2,no,yes,10358.2,no,yes,10358.2,no,yes,no,yes,no,yes,no,yes,no,yes,no,yes,no,yes,no,yes,no,yes,no,yes,no,yes,no,yes,no,yes,no,yes,no,yes,no,yes,no,yes
20,Kinowelt Alfeld,Kinowelt Alfeld_SackAbzweigungSack_15.csv,849.0,81.6,407.4,0,Kinowelt Alfeld_SackAbzweigungSack_18.csv,849.0,81.6,407.4,0,Kinowelt Alfeld_SackAbzweigungSack_21.csv,2634.8,2276.5,178.3,0.0,464.1,2540.3,Alfeld (Leine),POINT (9.86630561077537 51.973950474361956),3200.2519474121195,3256.692784365767,,4332.8,3.835916118216451,3.835916118216451,1.2360303569021431,2.9692875311116813,3868.7,transit,849.0,car,360.0,57.59717314487633,transit,849.0,car,360.0,57.59717314487633,foot,2540.3,car,180.0,93.1683619250038,900.0,69.45423607158548,0.0,849.0,849.0,2540.3,1412.7666666666667,7098.0,no,yes,7098.0,no,yes,10480.6,no,yes,8225.533333333333,no,yes,no,yes,no,yes,no,yes,no,yes,yes,yes,yes,yes,no,yes,no,yes,no,yes,no,yes,no,yes,no,yes,no,yes,no,yes,no,yes,no,yes
21,Kinowelt Alfeld,Kinowelt Alfeld_AlfeldHannoverscheStraße_15.csv,4120.7,1323.8,576.9,0,Kinowelt Alfeld_AlfeldHannoverscheStraße_18.csv,4442.1,1323.8,898.3,0,no routes possible to this cinema,,,,,506.9,2109.2,Alfeld (Leine),POINT (9.805406135308509 51.969246544669325),2325.13290384353,2480.4802184643618,,,0.6019560313695154,0.5584026065294256,,,,foot,2109.2,car,2220.0,46.12565826194578,foot,2109.2,car,2220.0000000000005,50.02363746876477,foot,2109.2,car,,,,,,2109.2,2109.2,2109.2,2109.2,9618.4,no,yes,9618.4,no,yes,9618.4,no,yes,9618.4,no,yes,no,yes,no,yes,no,yes,no,yes,no,yes,no,yes,no,yes,no,yes,no,yes,no,yes,no,yes,no,yes,no,yes,no,yes,no,yes,no,yes
22,Kinowelt Alfeld,Kinowelt Alfeld_AlfeldWarzerWeg_15.csv,3743.4,1066.5,576.9,0,Kinowelt Alfeld_AlfeldWarzerWeg_18.csv,5609.0,1889.6,1379.4,0,no routes possible to this cinema,,,,,571.5,2226.7,Alfeld (Leine),POINT (9.802399230447786 51.968683161656045),2496.6470033987325,2647.853941521616,,,0.7073393015765389,0.4720723732432904,,,,foot,2226.7,car,2100.0,43.90126622856227,foot,2226.7,car,2340.0,58.28133357104654,foot,2226.7,car,,,,,,2226.7,2226.7,2226.7,2226.7,9853.4,no,yes,9853.4,no,yes,9853.4,no,yes,9853.4,no,yes,no,yes,no,yes,no,yes,no,yes,no,yes,no,yes,no,yes,no,yes,no,yes,no,yes,no,yes,no,yes,no,yes,no,yes,no,yes,no,yes
23,Kinowelt Alfeld,Kinowelt Alfeld_AlfeldAndenSteinköpfen_15.csv,4732.3,1471.9,1160.4,0,Kinowelt Alfeld_AlfeldAndenSteinköpfen_18.csv,4964.9,1846.6,898.3,0,no routes possible to this cinema,,,,,551.3,2632.1,Alfeld (Leine),POINT (9.798678547363632 51.965196351462346),2960.2434563185047,3112.0879574699684,,,0.6576269377406269,0.6268178528207957,,,,foot,2632.1,car,2100.0,55.6241151237242,foot,2632.1,car,2220.0,55.28610848154041,foot,2632.1,car,,,,,,2632.1,2632.1,2632.1,2632.1,10664.2,no,yes,10664.2,no,yes,10664.2,no,yes,10664.2,no,yes,no,yes,no,yes,no,yes,no,yes,no,yes,no,yes,no,yes,no,yes,no,yes,no,yes,no,yes,no,yes,no,yes,no,yes,no,yes,no,yes
24,Kinowelt Alfeld,Kinowelt Alfeld_AlfeldAndenSteinköpfen_15.csv,4147.7,887.3,1160.4,0,Kinowelt Alfeld_AlfeldAndenSteinköpfen_18.csv,4380.4,1262.1,898.3,0,no routes possible to this cinema,,,,,534.0,2047.5,Alfeld (Leine),POINT (9.806659927433508 51.970288598427544),2180.870288943215,2336.4873956244123,,,0.5633212131119446,0.5333958989189144,,,,foot,2047.5,car,2100.0,49.36953010101985,foot,2047.5,car,2220.0,49.319696831339606,foot,2047.5,car,,,,,,2047.5,2047.5,2047.5,2047.5,9495.0,no,yes,9495.0,no,yes,9495.0,no,yes,9495.0,no,yes,no,yes,no,yes,no,yes,no,yes,no,yes,no,yes,no,yes,no,yes,no,yes,no,yes,no,yes,no,yes,no,yes,no,yes,no,yes,no,yes
25,Kinowelt Alfeld,Kinowelt Alfeld_AlfeldAndenSteinköpfen_15.csv,4120.6,860.2,1160.4,0,Kinowelt Alfeld_AlfeldAndenSteinköpfen_18.csv,4353.2,1234.9,898.3,0,no routes possible to this cinema,,,,,524.9,2020.4,Alfeld (Leine),POINT (9.806379772543456 51.969760314937915),2240.413576797572,2396.523550940616,,,0.5815957751154239,0.5505199740284425,,,,foot,2020.4,car,2100.0,49.03654807552298,foot,2020.4,car,2220.0,49.00303225213636,foot,2020.4,car,,,,,,2020.4,2020.4,2020.4,2020.4000000000003,9440.8,no,yes,9440.8,no,yes,9440.8,no,yes,9440.800000000001,no,yes,no,yes,no,yes,no,yes,no,yes,no,yes,no,yes,no,yes,no,yes,no,yes,no,yes,no,yes,no,yes,no,yes,no,yes,no,yes,no,yes
26,Kinowelt Alfeld,Kinowelt Alfeld_AlfeldFöhrsterStraße_15.csv,4032.5,1235.6,576.9,0,Kinowelt Alfeld_AlfeldFöhrsterStraße_18.csv,4353.9,1235.6,898.3,0,no routes possible to this cinema,,,,,473.2,2021.1,Alfeld (Leine),POINT (9.806477480450068 51.96889136608503),2317.9981402271765,2475.7797772923886,,,0.6139565473756698,0.5686349657301244,,,,foot,2021.1,car,2220.0,44.9473031618103,foot,2021.1,car,2220.0,49.01123130986012,foot,2021.1,car,,,,,,2021.1,2021.1,2021.1,2021.0999999999997,9442.2,no,yes,9442.2,no,yes,9442.2,no,yes,9442.199999999999,no,yes,no,yes,no,yes,no,yes,no,yes,no,yes,no,yes,no,yes,no,yes,no,yes,no,yes,no,yes,no,yes,no,yes,no,yes,no,yes,no,yes
27,Kinowelt Alfeld,Kinowelt Alfeld_AlfeldHannoverscheStraße_15.csv,4112.0,1315.1,576.9,0,Kinowelt Alfeld_AlfeldHannoverscheStraße_18.csv,4433.4,1315.1,898.3,0,no routes possible to this cinema,,,,,551.5,2100.6,Alfeld (Leine),POINT (9.805383776307744 51.97045565324015),2216.0293505692152,2368.908002865745,,,0.5760963041988679,0.5343321159529357,,,,foot,2100.6,car,2220.0,46.011673151750976,foot,2100.6,car,2220.0,49.9255650290973,foot,2100.6,car,,,,,,2100.6,2100.6,2100.6,2100.6,9601.2,no,yes,9601.2,no,yes,9601.2,no,yes,9601.2,no,yes,no,yes,no,yes,no,yes,no,yes,no,yes,no,yes,no,yes,no,yes,no,yes,no,yes,no,yes,no,yes,no,yes,no,yes,no,yes,no,yes
28,Kinowelt Alfeld,Kinowelt Alfeld_HoheWarte_15.csv,6847.9,3879.4,448.5,1,Kinowelt Alfeld_HoheWarte_18.csv,7488.9,3170.6,178.3,1,no routes possible to this cinema,,,,,597.8,3818.5,Alfeld (Leine),POINT (9.769600200000001 51.98710140000001),3764.6473125190296,3790.0161152571695,,,0.5534566969811431,0.5060844870751605,,,,foot,3818.5,car,2520.0,63.20039720206194,foot,3818.5,car,4140.0,44.71818291070785,foot,3818.5,car,,,,,,3818.5,3818.5,3818.5,3818.5,13037.0,no,yes,13037.0,no,yes,13037.0,no,yes,13037.0,no,yes,no,yes,no,yes,no,yes,no,yes,no,yes,no,yes,no,yes,no,yes,no,yes,no,yes,no,yes,no,yes,no,yes,no,yes,no,yes,no,yes
29,Kinowelt Alfeld,Kinowelt Alfeld_AlfeldAlterFriedhof_15.csv,752.0,513.7,178.3,0,Kinowelt Alfeld_AlfeldAlterFriedhof_18.csv,752.0,513.7,178.3,0,Kinowelt Alfeld_AlfeldAlterFriedhof_21.csv,752.0,513.7,178.3,0.0,383.9,1138.7,Alfeld (Leine),POINT (9.833843632220995 51.99492890257974),1135.3430958360973,984.9431069874114,,2256.0,1.3097647699300683,1.3097647699300683,1.3097647699300683,1.3097647699300683,1872.1,transit,752.0,car,60.0,92.02127659574468,transit,752.0,car,60.0,92.02127659574468,transit,752.0,car,60.0,92.02127659574468,180.0,92.02127659574468,0.0,752.0,752.0,752.0,752.0,6904.0,no,yes,6904.0,no,yes,6904.0,no,yes,6904.0,no,yes,no,yes,no,yes,no,yes,no,yes,yes,yes,yes,yes,yes,yes,yes,yes,no,yes,no,yes,no,yes,no,yes,no,yes,no,yes,no,yes,no,yes
30,Kinowelt Alfeld,Kinowelt Alfeld_AlfeldBergstraße_15.csv,1115.4,348.0,407.4,0,Kinowelt Alfeld_AlfeldBergstraße_18.csv,1115.4,348.0,407.4,0,Kinowelt Alfeld_AlfeldBergstraße_21.csv,2418.9,2060.6,178.3,0.0,421.8,2117.5,Alfeld (Leine),POINT (9.85875884569153 51.976006956071025),2634.1215305246524,2692.721632081438,,4649.700000000001,2.414130923508551,2.414130923508551,1.113200889694257,1.9804875789037863,4227.900000000001,transit,1115.4,car,360.0000000000001,67.72458310919849,transit,1115.4,car,360.0000000000001,67.72458310919849,foot,2117.5,car,180.0,92.5586010169912,900.0000000000002,76.00258907846272,0.0,1115.4,1115.4,2117.5,1449.4333333333334,7630.8,no,yes,7630.8,no,yes,9635.0,no,yes,8298.866666666667,no,yes,no,yes,no,yes,no,yes,no,yes,yes,yes,yes,yes,no,yes,no,yes,no,yes,no,yes,no,yes,no,yes,no,yes,no,yes,no,yes,no,yes
31,Kinowelt Alfeld,Kinowelt Alfeld_GodenauKolonie_15.csv,3138.6,170.1,448.5,1,Kinowelt Alfeld_GodenauKolonie_18.csv,6429.6,2111.3,178.3,1,no routes possible to this cinema,,,,,561.5,4375.2,Alfeld (Leine),POINT (9.77220954731503 52.025695066609025),5639.410199925703,5525.205729879088,,,1.7604045529468832,0.8593389526376582,,,,transit,3138.6,car,2520.0,19.70942458420952,foot,4375.2,car,4140.0,35.610302351623744,foot,4375.2,car,,,,,,3138.6,4375.2,4375.2,3963.0,11677.2,no,yes,14150.4,no,yes,14150.4,no,yes,13326.0,no,yes,no,yes,no,yes,no,yes,no,yes,no,yes,no,yes,no,yes,no,yes,no,yes,no,yes,no,yes,no,yes,no,yes,no,yes,no,yes,no,yes
32,Kinowelt Alfeld,Kinowelt Alfeld_AlfeldAmHeitkamp_15.csv,853.3,615.0,178.3,0,Kinowelt Alfeld_AlfeldAmHeitkamp_18.csv,853.3,615.0,178.3,0,Kinowelt Alfeld_AlfeldAmHeitkamp_21.csv,853.3,615.0,178.3,0.0,389.7,1091.2,Alfeld (Leine),POINT (9.84214884551809 51.987908335771635),1227.4084768309378,1193.7168135223014,,2559.9,1.398941537000236,1.398941537000236,1.398941537000236,1.398941537000236,2170.2,transit,853.3,car,60.0,92.9684753310676,transit,853.3,car,60.0,92.9684753310676,transit,853.3,car,60.0,92.9684753310676,180.0,92.9684753310676,0.0,853.3,853.3,853.3,853.2999999999998,7106.6,no,yes,7106.6,no,yes,7106.6,no,yes,7106.599999999999,no,yes,no,yes,no,yes,no,yes,no,yes,yes,yes,yes,yes,yes,yes,yes,yes,no,yes,no,yes,no,yes,no,yes,no,yes,no,yes,no,yes,no,yes
33,Kinowelt Alfeld,"Kinowelt Alfeld_Alfeld(Leine),Gebrüder-Woge-Str._15.csv",853.1,85.7,407.4,0,"Kinowelt Alfeld_Alfeld(Leine),Gebrüder-Woge-Str._18.csv",853.1,85.7,407.4,0,"Kinowelt Alfeld_Alfeld(Leine),Gebrüder-Woge-Str._21.csv",2683.5,2325.2,178.3,0.0,448.1,2379.9,Alfeld (Leine),POINT (9.863610048581641 51.97463270161598),3000.5833159385584,3057.9796728143824,,4389.7,3.584550079491715,3.584550079491715,1.1395489744044651,2.7695497111292986,3941.6,transit,853.1,car,360.00000000000006,57.80096120032821,transit,853.1,car,360.00000000000006,57.80096120032821,foot,2379.9,car,180.0,93.2923420905534,900.0000000000001,69.63142149706994,0.0,853.1,853.1,2379.9,1362.0333333333335,7106.2,no,yes,7106.2,no,yes,10159.8,no,yes,8124.0666666666675,no,yes,no,yes,no,yes,no,yes,no,yes,yes,yes,yes,yes,no,yes,no,yes,no,yes,no,yes,no,yes,no,yes,no,yes,no,yes,no,yes,no,yes
34,Kinowelt Alfeld,Kinowelt Alfeld_AlfeldAndenSteinköpfen_15.csv,4579.3,1318.9,1160.4,0,Kinowelt Alfeld_AlfeldAndenSteinköpfen_18.csv,4811.9,1693.6,898.3,0,no routes possible to this cinema,,,,,546.8,2479.1,Alfeld (Leine),POINT (9.799187315853887 51.96553052675657),2909.562384525496,3061.580898718368,,,0.6685696282659725,0.6362519792012237,,,,foot,2479.1,car,2100.0,54.14146266896688,foot,2479.1,car,2220.0,53.864377896465015,foot,2479.1,car,,,,,,2479.1,2479.1,2479.1,2479.1,10358.2,no,yes,10358.2,no,yes,10358.2,no,yes,10358.2,no,yes,no,yes,no,yes,no,yes,no,yes,no,yes,no,yes,no,yes,no,yes,no,yes,no,yes,no,yes,no,yes,no,yes,no,yes,no,yes,no,yes
35,Kinowelt Alfeld,Kinowelt Alfeld_AlfeldBreslauerStraße_15.csv,6562.0,2120.4,1861.6,0,Kinowelt Alfeld_AlfeldBreslauerStraße_18.csv,6562.0,2120.4,1861.6,2,no routes possible to this cinema,,,,,538.9,2315.0,Alfeld (Leine),POINT (9.801812002594769 51.967545712678934),2622.1384180242603,2774.6039691420224,,,0.4228290108415151,0.4228290108415151,,,,foot,2315.0,car,2580.0,60.682718683328254,foot,2315.0,car,2580.0,60.682718683328254,foot,2315.0,car,,,,,,2315.0,2315.0,2315.0,2315.0,10030.0,no,yes,10030.0,no,yes,10030.0,no,yes,10030.0,no,yes,no,yes,no,yes,no,yes,no,yes,no,yes,no,yes,no,yes,no,yes,no,yes,no,yes,no,yes,no,yes,no,yes,no,yes,no,yes,no,yes
36,Kinowelt Alfeld,Kinowelt Alfeld_AlfeldAndenSteinköpfen_15.csv,4740.6,1480.2,1160.4,0,Kinowelt Alfeld_AlfeldAndenSteinköpfen_18.csv,4973.2,1854.9,898.3,0,no routes possible to this cinema,,,,,550.3,2640.4,Alfeld (Leine),POINT (9.798734519736064 51.96530428809099),2948.3191734361662,3100.059905430539,,,0.6539383000950383,0.6233531539915023,,,,foot,2640.4,car,2100.0,55.70180989748134,foot,2640.4,car,2220.0,55.36073353173007,foot,2640.4,car,,,,,,2640.4,2640.4,2640.4,2640.4,10680.8,no,yes,10680.8,no,yes,10680.8,no,yes,10680.8,no,yes,no,yes,no,yes,no,yes,no,yes,no,yes,no,yes,no,yes,no,yes,no,yes,no,yes,no,yes,no,yes,no,yes,no,yes,no,yes,no,yes
37,Kinowelt Alfeld,Kinowelt Alfeld_Wispenstein_15.csv,947.0,179.6,407.4,0,Kinowelt Alfeld_Wispenstein_18.csv,947.0,179.6,407.4,0,Kinowelt Alfeld_Wispenstein_21.csv,2587.4,2229.1,178.3,0.0,438.7,2286.0,Alfeld (Leine),POINT (9.861788944111325 51.97509818373783),2865.4983836230267,2923.587957207017,,4481.4,3.087210092087663,3.087210092087663,1.129932734485204,2.434784306220177,4042.7,transit,947.0,car,360.0,61.98521647307286,transit,947.0,car,360.0,61.98521647307286,foot,2286.0,car,180.0,93.04320939939709,900.0,72.3378807818476,0.0,947.0,947.0,2286.0,1393.3333333333333,7294.0,no,yes,7294.0,no,yes,9972.0,no,yes,8186.666666666666,no,yes,no,yes,no,yes,no,yes,no,yes,yes,yes,yes,yes,no,yes,no,yes,no,yes,no,yes,no,yes,no,yes,no,yes,no,yes,no,yes,no,yes
38,Kinowelt Alfeld,"Kinowelt Alfeld_Alfeld(Leine),Dr.-Jansen-Str._15.csv",792.6,554.3,178.3,0,"Kinowelt Alfeld_Alfeld(Leine),Dr.-Jansen-Str._18.csv",792.6,554.3,178.3,0,"Kinowelt Alfeld_Alfeld(Leine),Dr.-Jansen-Str._21.csv",792.6,554.3,178.3,0.0,397.5,1179.4,Alfeld (Leine),POINT (9.83328615 51.995415799999996),1159.6637903288658,1004.69251898082,,2377.8,1.2675908642200604,1.2675908642200604,1.2675908642200604,1.2675908642200604,1980.3,transit,792.6,car,60.000000000000114,92.42997728993186,transit,792.6,car,60.000000000000114,92.42997728993186,transit,792.6,car,60.000000000000114,92.42997728993186,180.00000000000034,92.42997728993186,0.0,792.6,792.6,792.6,792.6,6985.2,no,yes,6985.2,no,yes,6985.2,no,yes,6985.2,no,yes,no,yes,no,yes,no,yes,no,yes,yes,yes,yes,yes,yes,yes,yes,yes,no,yes,no,yes,no,yes,no,yes,no,yes,no,yes,no,yes,no,yes
39,Kinowelt Alfeld,Kinowelt Alfeld_AlfeldFöhrsterStraße_15.csv,4045.3,1248.4,576.9,0,Kinowelt Alfeld_AlfeldFöhrsterStraße_18.csv,4366.7,1248.4,898.3,0,no routes possible to this cinema,,,,,464.2,2033.9,Alfeld (Leine),POINT (9.80828000670193 51.96829420894312),2312.717676963161,2474.177985832912,,,0.611617923474875,0.5666013204096714,,,,foot,2033.9,car,2220.0,45.12149902355821,foot,2033.9,car,2220.0,49.16069342982114,foot,2033.9,car,,,,,,2033.9,2033.9,2033.9,2033.9000000000003,9467.8,no,yes,9467.8,no,yes,9467.8,no,yes,9467.800000000001,no,yes,no,yes,no,yes,no,yes,no,yes,no,yes,no,yes,no,yes,no,yes,no,yes,no,yes,no,yes,no,yes,no,yes,no,yes,no,yes,no,yes
40,Kinowelt Alfeld,Kinowelt Alfeld_AlfeldDohnserSchule_15.csv,3919.7,1242.8,576.9,0,Kinowelt Alfeld_AlfeldDohnserSchule_18.csv,6479.2,2037.6,1861.6,2,no routes possible to this cinema,,,,,537.3,2403.0,Alfeld (Leine),POINT (9.800416889798399 51.96713858344907),2715.838704857912,2866.8178647727354,,,0.7313870614518294,0.4424647895994468,,,,foot,2403.0,car,2100.0,46.42447126055565,foot,2403.0,car,2580.0,60.18026916903322,foot,2403.0,car,,,,,,2403.0,2403.0,2403.0,2403.0,10206.0,no,yes,10206.0,no,yes,10206.0,no,yes,10206.0,no,yes,no,yes,no,yes,no,yes,no,yes,no,yes,no,yes,no,yes,no,yes,no,yes,no,yes,no,yes,no,yes,no,yes,no,yes,no,yes,no,yes
41,Kinowelt Alfeld,"Kinowelt Alfeld_Alfeld(Leine),Dr.-Jansen-Str._15.csv",809.0,570.7,178.3,0,"Kinowelt Alfeld_Alfeld(Leine),Dr.-Jansen-Str._18.csv",809.0,570.7,178.3,0,"Kinowelt Alfeld_Alfeld(Leine),Dr.-Jansen-Str._21.csv",809.0,570.7,178.3,0.0,403.0,1195.8,Alfeld (Leine),POINT (9.833731842240603 51.9955976305105),1193.0509541960546,1039.0352002220982,,2427.0,1.2843451177034588,1.2843451177034588,1.2843451177034588,1.2843451177034588,2024.0,transit,809.0,car,60.0,92.58343634116191,transit,809.0,car,60.0,92.58343634116191,transit,809.0,car,60.0,92.58343634116191,180.0,92.58343634116191,0.0,809.0,809.0,809.0,809.0,7018.0,no,yes,7018.0,no,yes,7018.0,no,yes,7018.0,no,yes,no,yes,no,yes,no,yes,no,yes,yes,yes,yes,yes,yes,yes,yes,yes,no,yes,no,yes,no,yes,no,yes,no,yes,no,yes,no,yes,no,yes
42,Kinowelt Alfeld,Kinowelt Alfeld_EimsenGasthofKnust_15.csv,450.4,212.1,178.3,0,Kinowelt Alfeld_EimsenGasthofKnust_18.csv,450.4,212.1,178.3,0,Kinowelt Alfeld_EimsenGasthofKnust_21.csv,821.7,523.4,178.3,0.0,149.9,565.0,Alfeld (Leine),POINT (9.822732232768955 51.99413867798094),852.4753594047183,689.1484280604079,,1722.5,1.530080879352593,1.530080879352593,0.8386861726425798,1.299615977115922,1572.6,transit,450.4,car,60.0,86.6785079928952,transit,450.4,car,60.0,86.6785079928952,foot,565.0,car,120.0,85.39612997444323,240.0,86.25104865341122,0.0,450.4,450.4,565.0,488.59999999999997,6300.8,yes,yes,6300.8,yes,yes,6530.0,yes,yes,6377.2,yes,yes,no,yes,no,yes,no,yes,no,yes,yes,yes,yes,yes,yes,yes,yes,yes,no,yes,no,yes,no,yes,no,yes,yes,yes,yes,yes,no,yes,yes,yes
43,Kinowelt Alfeld,Kinowelt Alfeld_Langenholzen_15.csv,1070.9,303.5,407.4,0,Kinowelt Alfeld_Langenholzen_18.csv,1070.9,303.5,407.4,0,Kinowelt Alfeld_Langenholzen_21.csv,2802.2,2443.9,178.3,0.0,480.8,2736.0,Alfeld (Leine),POINT (9.86894699264437 51.972592742531155),3429.9767039450085,3488.777137116843,,4944.0,3.257799175569001,3.257799175569001,1.2450136097055324,2.586870653614511,4463.2,transit,1070.9,car,360.0000000000001,66.38341581847044,transit,1070.9,car,360.0000000000001,66.38341581847044,foot,2736.0,car,179.99999999999957,93.57647562629364,899.9999999999998,75.44776908774483,0.0,1070.9,1070.9,2736.0,1625.9333333333334,7541.8,no,yes,7541.8,no,yes,10872.0,no,yes,8651.866666666667,no,yes,no,yes,no,yes,no,yes,no,yes,yes,yes,yes,yes,no,yes,no,yes,no,yes,no,yes,no,yes,no,yes,no,yes,no,yes,no,yes,no,yes
44,Kinowelt Alfeld,Kinowelt Alfeld_AlfeldBreslauerStraße_15.csv,6376.2,1934.6,1861.6,0,Kinowelt Alfeld_AlfeldBreslauerStraße_18.csv,6376.2,1934.6,1861.6,2,no routes possible to this cinema,,,,,517.8,2141.9,Alfeld (Leine),POINT (9.804633207135309 51.969336339362826),2347.198679724064,2501.014918283721,,,0.392242231781268,0.392242231781268,,,,foot,2141.9,car,2580.0,59.537028324080175,foot,2141.9,car,2580.0,59.537028324080175,foot,2141.9,car,,,,,,2141.9,2141.9,2141.9,2141.9,9683.8,no,yes,9683.8,no,yes,9683.8,no,yes,9683.8,no,yes,no,yes,no,yes,no,yes,no,yes,no,yes,no,yes,no,yes,no,yes,no,yes,no,yes,no,yes,no,yes,no,yes,no,yes,no,yes,no,yes
45,Kinowelt Alfeld,Kinowelt Alfeld_AlfeldAntoniplatz_15.csv,670.3,432.0,178.3,0,Kinowelt Alfeld_AlfeldAntoniplatz_18.csv,670.3,432.0,178.3,0,Kinowelt Alfeld_AlfeldAntoniplatz_21.csv,696.9,398.6,178.3,0.0,231.3,321.0,Alfeld (Leine),POINT (9.824103972180259 51.99174909872189),579.2326243957312,411.57020121528666,,2037.5,0.6140089530289224,0.6140089530289224,0.5905728242434878,0.6061969101004443,1806.2,foot,321.0,car,60.0,91.04878412651053,foot,321.0,car,60.0,91.04878412651053,foot,321.0,car,119.99999999999989,82.78088678433063,239.9999999999999,88.29281834578389,0.0,321.0,321.0,321.0,321.0,6042.0,yes,yes,6042.0,yes,yes,6042.0,yes,yes,6042.0,yes,yes,yes,yes,yes,yes,yes,yes,yes,yes,yes,yes,yes,yes,yes,yes,yes,yes,no,yes,no,yes,no,yes,no,yes,yes,yes,yes,yes,yes,yes,yes,yes
46,Kinowelt Alfeld,Kinowelt Alfeld_WarzenFriedhof_15.csv,6677.3,3708.8,448.5,1,Kinowelt Alfeld_WarzenFriedhof_18.csv,7318.3,3000.0,178.3,1,no routes possible to this cinema,,,,,551.3,3693.3,Alfeld (Leine),POINT (9.76728031429524 51.987431029776175),3924.675399709866,3948.418820975153,,,0.5913196682753736,0.5395267782101243,,,,foot,3693.3,car,2520.0,62.26019498899256,foot,3693.3,car,4140.0,43.4294849896834,foot,3693.3,car,,,,,,3693.3,3693.3,3693.3,3693.3000000000006,12786.6,no,yes,12786.6,no,yes,12786.6,no,yes,12786.600000000002,no,yes,no,yes,no,yes,no,yes,no,yes,no,yes,no,yes,no,yes,no,yes,no,yes,no,yes,no,yes,no,yes,no,yes,no,yes,no,yes,no,yes
47,Kinowelt Alfeld,Kinowelt Alfeld_AlfeldHotelWaldlust_15.csv,453.5,155.2,178.3,0,Kinowelt Alfeld_AlfeldHotelWaldlust_18.csv,453.5,155.2,178.3,0,Kinowelt Alfeld_AlfeldHotelWaldlust_21.csv,453.5,155.2,178.3,0.0,263.7,803.5,Alfeld (Leine),POINT (9.820526818303623 51.98006427053932),768.636654474724,937.0481709613642,,1360.5,2.066258370366845,2.066258370366845,2.066258370366845,2.066258370366845,1096.8,transit,453.5,car,120.0,73.53914002205072,transit,453.5,car,120.0,73.53914002205072,transit,453.5,car,120.0,73.53914002205072,360.0,73.53914002205072,0.0,453.5,453.5,453.5,453.5,6307.0,yes,yes,6307.0,yes,yes,6307.0,yes,yes,6307.0,yes,yes,no,yes,no,yes,no,yes,no,yes,yes,yes,yes,yes,yes,yes,yes,yes,no,yes,no,yes,no,yes,no,yes,yes,yes,yes,yes,yes,yes,yes,yes
48,Kinowelt Alfeld,Kinowelt Alfeld_AlfeldAndenSteinköpfen_15.csv,4592.6,1332.2,1160.4,0,Kinowelt Alfeld_AlfeldAndenSteinköpfen_18.csv,4825.3,1707.0,898.3,0,Kinowelt Alfeld_AlfeldAndenSteinköpfen_21.csv,2264.0,1753.3,390.7,0.0,548.5,2492.4,Alfeld (Leine),POINT (9.798996782355559 51.96541212607471),2927.93837601233,3079.879473546599,,11681.9,0.670617835985411,0.6382773037006194,1.3603707922025614,0.8897553106295306,11133.4,foot,2492.4,car,2100.0,54.27426729956888,foot,2492.4,car,2220.0,53.99249787577975,transit,2264.0,car,120.0,94.69964664310956,4440.0,67.65547060615272,0.0,2492.4,2492.4,2264.0,2416.266666666667,10384.8,no,yes,10384.8,no,yes,9928.0,no,yes,10232.533333333333,no,yes,no,yes,no,yes,no,yes,no,yes,no,yes,no,yes,no,yes,no,yes,no,yes,no,yes,no,yes,no,yes,no,yes,no,yes,no,yes,no,yes
49,Kinowelt Alfeld,Kinowelt Alfeld_AlfeldBergstraße_15.csv,1026.1,258.7,407.4,0,Kinowelt Alfeld_AlfeldBergstraße_18.csv,1026.1,258.7,407.4,0,Kinowelt Alfeld_AlfeldBergstraße_21.csv,2549.4,2191.1,178.3,0.0,439.7,2248.0,Alfeld (Leine),POINT (9.860780474504516 51.975893805629205),2764.532295873204,2819.976137593989,,4601.6,2.7482468936692226,2.7482468936692226,1.1061332617847293,2.2008756830410583,4161.900000000001,transit,1026.1,car,360.0,64.91570022414969,transit,1026.1,car,360.0,64.91570022414969,foot,2248.0,car,180.0,92.93951518004238,900.0,74.25697187611392,0.0,1026.1,1026.1,2248.0,1433.3999999999999,7452.2,no,yes,7452.2,no,yes,9896.0,no,yes,8266.8,no,yes,no,yes,no,yes,no,yes,no,yes,yes,yes,yes,yes,no,yes,no,yes,no,yes,no,yes,no,yes,no,yes,no,yes,no,yes,no,yes,no,yes
50,Kinowelt Alfeld,Kinowelt Alfeld_AlfeldSparkasse_15.csv,453.0,214.7,178.3,0,Kinowelt Alfeld_AlfeldSparkasse_18.csv,453.0,214.7,178.3,0,Kinowelt Alfeld_AlfeldSparkasse_21.csv,795.0,496.7,178.3,0.0,158.8,538.3,Alfeld (Leine),POINT (9.8231664 51.99382205),813.9237262955987,648.9905721308401,,1701.0,1.4326502696045034,1.4326502696045034,0.8163403423029435,1.22721362717065,1542.2,transit,453.0,car,60.0,86.75496688741721,transit,453.0,car,60.0,86.75496688741721,foot,538.3,car,120.0,84.90566037735849,240.0,86.13853138406431,0.0,453.0,453.0,538.3,481.43333333333334,6306.0,yes,yes,6306.0,yes,yes,6476.6,yes,yes,6362.866666666667,yes,yes,no,yes,no,yes,no,yes,no,yes,yes,yes,yes,yes,yes,yes,yes,yes,no,yes,no,yes,no,yes,no,yes,yes,yes,yes,yes,yes,yes,yes,yes
51,Kinowelt Alfeld,Kinowelt Alfeld_AlfeldBreslauerStraße_15.csv,6789.4,2347.8,1861.6,0,Kinowelt Alfeld_AlfeldBreslauerStraße_18.csv,6789.4,2347.8,1861.6,2,Kinowelt Alfeld_AlfeldBreslauerStraße_21.csv,2451.6,1940.9,390.7,0.0,562.0,2680.1,Alfeld (Leine),POINT (9.797768047011502 51.96424795603202),3082.2427899827626,3234.369053648946,,16030.4,0.4763851082052827,0.4763851082052827,1.319289057615005,0.7573530913418568,15468.4,foot,2680.1,car,2580.0,61.99958759242348,foot,2680.1,car,2580.0,61.99958759242348,transit,2451.6,car,120.0,95.1052373959863,5280.0,73.03480419361108,2.0,2680.1,2680.1,2451.6,2603.933333333333,10760.2,no,yes,10760.2,no,yes,10303.2,no,yes,10607.866666666665,no,yes,no,yes,no,yes,no,yes,no,yes,no,yes,no,yes,no,yes,no,yes,no,yes,no,yes,no,yes,no,yes,no,yes,no,yes,no,yes,no,yes
52,Kinowelt Alfeld,Kinowelt Alfeld_BrüggenPosthof_15.csv,4593.1,2014.8,178.3,1,Kinowelt Alfeld_BrüggenPosthof_18.csv,5596.0,1277.7,178.3,1,no routes possible to this cinema,,,,,631.2,4292.6,Alfeld (Leine),POINT (9.764667619721639 52.00659807663078),4669.171795947161,4612.233899096235,,,1.0041657919697449,0.8242019119185553,,,,foot,4292.6,car,2400.0000000000005,47.74770851930069,foot,4292.6,car,4140.0,26.018584703359544,foot,4292.6,car,,,,,,4292.6,4292.6,4292.6,4292.6,13985.2,no,yes,13985.2,no,yes,13985.2,no,yes,13985.2,no,yes,no,yes,no,yes,no,yes,no,yes,no,yes,no,yes,no,yes,no,yes,no,yes,no,yes,no,yes,no,yes,no,yes,no,yes,no,yes,no,yes
53,Kinowelt Alfeld,Kinowelt Alfeld_AlfeldAndenSteinköpfen_15.csv,4162.7,902.3,1160.4,0,Kinowelt Alfeld_AlfeldAndenSteinköpfen_18.csv,4395.3,1277.0,898.3,0,Kinowelt Alfeld_AlfeldAndenSteinköpfen_21.csv,1834.0,1323.3,390.7,0.0,499.6,2062.5,Alfeld (Leine),POINT (9.805782950688258 51.96904847311907),2329.0778908853563,2485.430334233105,,10392.0,0.597071692467174,0.5654745601513218,1.355196474500057,0.8392475757061844,9892.4,foot,2062.5,car,2100.0,49.551973478751776,foot,2062.5,car,2220.0,49.49150228653334,transit,1834.0,car,120.0,93.45692475463468,4440.0,64.1668001733066,0.0,2062.5,2062.5,1834.0,1986.3333333333333,9525.0,no,yes,9525.0,no,yes,9068.0,no,yes,9372.666666666666,no,yes,no,yes,no,yes,no,yes,no,yes,no,yes,no,yes,no,yes,no,yes,no,yes,no,yes,no,yes,no,yes,no,yes,no,yes,no,yes,no,yes
54,Kinowelt Alfeld,Kinowelt Alfeld_WarzenFriedhof_15.csv,6776.6,3808.1,448.5,1,Kinowelt Alfeld_WarzenFriedhof_18.csv,7417.6,3099.3,178.3,1,no routes possible to this cinema,,,,,574.1,3747.2,Alfeld (Leine),POINT (9.76827465 51.9869468),3855.433787245131,3881.530947503416,,,0.5727844269255107,0.5232866355025096,,,,foot,3747.2,car,2520.0,62.813210164389226,foot,3747.2,car,4140.0,44.18679896462468,foot,3747.2,car,,,,,,3747.2,3747.2,3747.2,3747.1999999999994,12894.4,no,yes,12894.4,no,yes,12894.4,no,yes,12894.399999999998,no,yes,no,yes,no,yes,no,yes,no,yes,no,yes,no,yes,no,yes,no,yes,no,yes,no,yes,no,yes,no,yes,no,yes,no,yes,no,yes,no,yes
55,Kinowelt Alfeld,Kinowelt Alfeld_AlfeldFöhrsterStraße_15.csv,4030.1,1233.2,576.9,0,Kinowelt Alfeld_AlfeldFöhrsterStraße_18.csv,4351.5,1233.2,898.3,0,Kinowelt Alfeld_AlfeldFöhrsterStraße_21.csv,1790.2,1279.5,390.7,0.0,459.6,2018.6,Alfeld (Leine),POINT (9.808222456486645 51.96848087726282),2296.4257010821643,2457.560955863373,,10171.8,0.6098014828077152,0.5647617961308452,1.3727856976110897,0.8491163255165499,9712.2,foot,2018.6,car,2220.0,44.91451825016749,foot,2018.6,car,2220.0,48.98310927266459,transit,1790.2,car,120.0,93.29683834208468,4560.0,62.39815528830559,0.0,2018.6,2018.6,1790.2,1942.4666666666665,9437.2,no,yes,9437.2,no,yes,8980.4,no,yes,9284.933333333332,no,yes,no,yes,no,yes,no,yes,no,yes,no,yes,no,yes,no,yes,no,yes,no,yes,no,yes,no,yes,no,yes,no,yes,no,yes,no,yes,no,yes
56,Kinowelt Alfeld,Kinowelt Alfeld_HoheWarte_15.csv,6831.3,3862.8,448.5,1,Kinowelt Alfeld_HoheWarte_18.csv,7472.3,3154.0,178.3,1,no routes possible to this cinema,,,,,592.3,3801.9,Alfeld (Leine),POINT (9.769358577932357 51.987923555332515),3783.80515740613,3805.072957997652,,,0.5570056882288367,0.509223794279894,,,,foot,3801.9,car,2520.0,63.110974485090686,foot,3801.9,car,4140.0,44.59537224147853,foot,3801.9,car,,,,,,3801.9,3801.9,3801.9,3801.9,13003.8,no,yes,13003.8,no,yes,13003.8,no,yes,13003.8,no,yes,no,yes,no,yes,no,yes,no,yes,no,yes,no,yes,no,yes,no,yes,no,yes,no,yes,no,yes,no,yes,no,yes,no,yes,no,yes,no,yes
57,Kinowelt Alfeld,Kinowelt Alfeld_HoheWarte_15.csv,6847.9,3879.4,448.5,1,Kinowelt Alfeld_HoheWarte_18.csv,7488.9,3170.6,178.3,1,no routes possible to this cinema,,,,,597.8,3818.5,Alfeld (Leine),POINT (9.769600200000001 51.98710140000001),3764.6473125190296,3790.0161152571695,,,0.5534566969811431,0.5060844870751605,,,,foot,3818.5,car,2520.0,63.20039720206194,foot,3818.5,car,4140.0,44.71818291070785,foot,3818.5,car,,,,,,3818.5,3818.5,3818.5,3818.5,13037.0,no,yes,13037.0,no,yes,13037.0,no,yes,13037.0,no,yes,no,yes,no,yes,no,yes,no,yes,no,yes,no,yes,no,yes,no,yes,no,yes,no,yes,no,yes,no,yes,no,yes,no,yes,no,yes,no,yes
58,Kinowelt Alfeld,Kinowelt Alfeld_AlfeldDohnserSchule_15.csv,4081.7,1404.8,576.9,0,Kinowelt Alfeld_AlfeldDohnserSchule_18.csv,6770.8,2329.2,1861.6,2,Kinowelt Alfeld_AlfeldDohnserSchule_21.csv,2336.6,1825.9,390.7,0.0,577.8,2565.1,Alfeld (Leine),POINT (9.79957340592228 51.964711898311656),2967.885418378398,3121.810551221061,,13189.1,0.7648309653382319,0.4610696743695074,1.3360483399901828,0.8539829932326407,12611.3,foot,2565.1,car,2100.0,48.55084891099297,foot,2565.1,car,2580.000000000001,61.895197022508405,transit,2336.6,car,120.0,94.86433279123511,4800.000000000001,68.43679290824551,2.0,2565.1,2565.1,2336.6,2488.933333333333,10530.2,no,yes,10530.2,no,yes,10073.2,no,yes,10377.866666666665,no,yes,no,yes,no,yes,no,yes,no,yes,no,yes,no,yes,no,yes,no,yes,no,yes,no,yes,no,yes,no,yes,no,yes,no,yes,no,yes,no,yes
59,Kinowelt Alfeld,Kinowelt Alfeld_WarzenFriedhof_15.csv,4601.8,1341.4,1160.4,0,Kinowelt Alfeld_WarzenFriedhof_18.csv,5883.9,2164.5,1379.4,0,Kinowelt Alfeld_WarzenFriedhof_21.csv,2273.1,1762.4,390.7,0.0,586.0,2501.6,Alfeld (Leine),POINT (9.803123792147892 51.965081472025936),2799.5778055589494,2957.896603323833,,12758.8,0.642769482229526,0.5027102097798796,1.3012610986423092,0.8155802635505716,12172.8,foot,2501.6,car,2100.0,54.3656829936112,foot,2501.6,car,2339.9999999999995,60.23045938918066,transit,2273.1,car,120.0,94.7208657780124,4560.0,69.77233605360142,0.0,2501.6,2501.6,2273.1,2425.433333333333,10403.2,no,yes,10403.2,no,yes,9946.2,no,yes,10250.866666666665,no,yes,no,yes,no,yes,no,yes,no,yes,no,yes,no,yes,no,yes,no,yes,no,yes,no,yes,no,yes,no,yes,no,yes,no,yes,no,yes,no,yes
60,Kinowelt Alfeld,Kinowelt Alfeld_AlfeldAndenSteinköpfen_15.csv,4156.2,895.8,1160.4,0,Kinowelt Alfeld_AlfeldAndenSteinköpfen_18.csv,4388.9,1270.6,898.3,0,Kinowelt Alfeld_AlfeldAndenSteinköpfen_21.csv,1827.6,1316.9,390.7,0.0,486.8,2056.0,Alfeld (Leine),POINT (9.805993233037455 51.9685290708432),2369.822415057043,2527.3969381516195,,10372.7,0.608102819438819,0.575861135626608,1.3829048687631975,0.8556229412762082,9885.9,foot,2056.0,car,2100.0,49.473076367836,foot,2056.0,car,2220.0,49.41784957506436,transit,1827.6,car,119.99999999999976,93.43401181877871,4440.0,64.10831258722637,0.0,2056.0,2056.0,1827.6,1979.8666666666668,9512.0,no,yes,9512.0,no,yes,9055.2,no,yes,9359.733333333334,no,yes,no,yes,no,yes,no,yes,no,yes,no,yes,no,yes,no,yes,no,yes,no,yes,no,yes,no,yes,no,yes,no,yes,no,yes,no,yes,no,yes
61,Kinowelt Alfeld,Kinowelt Alfeld_AlfeldDohnserSchule_15.csv,3918.3,1241.4,576.9,0,Kinowelt Alfeld_AlfeldDohnserSchule_18.csv,6480.6,2039.0,1861.6,2,Kinowelt Alfeld_AlfeldDohnserSchule_21.csv,2173.1,1662.4,390.7,0.0,537.1,2401.6,Alfeld (Leine),POINT (9.800702820725524 51.96729941815202),2689.7037309486186,2840.8341454884644,,12572.000000000002,0.7250170087763735,0.4383597422288776,1.3072726268871495,0.8235497926308002,12034.9,foot,2401.6,car,2100.0,46.405328841589466,foot,2401.6,car,2580.0000000000005,60.18887140079622,transit,2173.1,car,120.0,94.4779347475956,4800.0,67.02404499666042,2.0,2401.6,2401.6,2173.1,2325.433333333333,10203.2,no,yes,10203.2,no,yes,9746.2,no,yes,10050.866666666665,no,yes,no,yes,no,yes,no,yes,no,yes,no,yes,no,yes,no,yes,no,yes,no,yes,no,yes,no,yes,no,yes,no,yes,no,yes,no,yes,no,yes
62,Kinowelt Alfeld,"Kinowelt Alfeld_Alfeld(Leine),Dr.-Jansen-Str._15.csv",792.6,554.3,178.3,0,"Kinowelt Alfeld_Alfeld(Leine),Dr.-Jansen-Str._18.csv",792.6,554.3,178.3,0,"Kinowelt Alfeld_Alfeld(Leine),Dr.-Jansen-Str._21.csv",792.6,554.3,178.3,0.0,397.5,1179.4,Alfeld (Leine),POINT (9.83328615 51.995415799999996),1159.6637903288658,1004.69251898082,,2377.8,1.2675908642200604,1.2675908642200604,1.2675908642200604,1.2675908642200604,1980.3,transit,792.6,car,60.000000000000114,92.42997728993186,transit,792.6,car,60.000000000000114,92.42997728993186,transit,792.6,car,60.000000000000114,92.42997728993186,180.00000000000034,92.42997728993186,0.0,792.6,792.6,792.6,792.6,6985.2,no,yes,6985.2,no,yes,6985.2,no,yes,6985.2,no,yes,no,yes,no,yes,no,yes,no,yes,yes,yes,yes,yes,yes,yes,yes,yes,no,yes,no,yes,no,yes,no,yes,no,yes,no,yes,no,yes,no,yes
63,Kinowelt Alfeld,Kinowelt Alfeld_Wispenstein_15.csv,935.9,168.5,407.4,0,Kinowelt Alfeld_Wispenstein_18.csv,935.9,168.5,407.4,0,Kinowelt Alfeld_Wispenstein_21.csv,2598.5,2240.2,178.3,0.0,439.8,2297.1,Alfeld (Leine),POINT (9.862250973185983 51.9752667872865),2885.756130257969,2942.099746165509,,4470.3,3.143604814793791,3.143604814793791,1.132230035083898,2.4731465548904934,4030.5,transit,935.9,car,360.0,61.53435196067956,transit,935.9,car,360.0,61.53435196067956,foot,2297.1,car,180.0,93.07292668847413,900.0,72.04721020327774,0.0,935.9,935.9,2297.1,1389.6333333333332,7271.8,no,yes,7271.8,no,yes,9994.2,no,yes,8179.266666666666,no,yes,no,yes,no,yes,no,yes,no,yes,yes,yes,yes,yes,no,yes,no,yes,no,yes,no,yes,no,yes,no,yes,no,yes,no,yes,no,yes,no,yes
64,Kinowelt Alfeld,Kinowelt Alfeld_AlfeldBreslauerStraße_15.csv,6419.7,1978.1,1861.6,0,Kinowelt Alfeld_AlfeldBreslauerStraße_18.csv,6419.7,1978.1,1861.6,2,Kinowelt Alfeld_AlfeldBreslauerStraße_21.csv,1985.1,1474.4,390.7,0.0,541.7,2213.6,Alfeld (Leine),POINT (9.803766984155594 51.968971245877654),2414.8840073040465,2567.895909799465,,14824.5,0.4000024782777178,0.4000024782777178,1.2935851643743213,0.6978633736432522,14282.8,foot,2213.6,car,2580.0,59.81120613112762,foot,2213.6,car,2580.0,59.81120613112762,transit,1985.1,car,119.99999999999976,93.95496448541635,5280.0,71.19245891589054,2.0,2213.6,2213.6,1985.1,2137.433333333333,9827.2,no,yes,9827.2,no,yes,9370.2,no,yes,9674.866666666665,no,yes,no,yes,no,yes,no,yes,no,yes,no,yes,no,yes,no,yes,no,yes,no,yes,no,yes,no,yes,no,yes,no,yes,no,yes,no,yes,no,yes
65,Kinowelt Alfeld,Kinowelt Alfeld_AlfeldFöhrsterStraße_15.csv,4045.3,1248.4,576.9,0,Kinowelt Alfeld_AlfeldFöhrsterStraße_18.csv,4366.7,1248.4,898.3,0,Kinowelt Alfeld_AlfeldFöhrsterStraße_21.csv,1805.4,1294.7,390.7,0.0,464.2,2033.9,Alfeld (Leine),POINT (9.80828000670193 51.96829420894312),2312.717676963161,2474.177985832912,,10217.4,0.611617923474875,0.5666013204096714,1.3704320293746048,0.8495504244197171,9753.2,foot,2033.9,car,2220.0,45.12149902355821,foot,2033.9,car,2220.0,49.16069342982114,transit,1805.4,car,120.0,93.35327351279496,4560.0,62.54515532205811,0.0,2033.9,2033.9,1805.4,1957.7333333333336,9467.8,no,yes,9467.8,no,yes,9010.8,no,yes,9315.466666666667,no,yes,no,yes,no,yes,no,yes,no,yes,no,yes,no,yes,no,yes,no,yes,no,yes,no,yes,no,yes,no,yes,no,yes,no,yes,no,yes,no,yes
66,Kinowelt Alfeld,Kinowelt Alfeld_HoheWarte_15.csv,6851.6,3883.1,448.5,1,Kinowelt Alfeld_HoheWarte_18.csv,7492.6,3174.3,178.3,1,no routes possible to this cinema,,,,,599.0,3822.2,Alfeld (Leine),POINT (9.769759005308645 51.98812275106528),3757.2909406421472,3777.53538248908,,,0.5513362400737171,0.5041688309117102,,,,foot,3822.2,car,2520.0,63.22026971802207,foot,3822.2,car,4140.0,44.74548220911299,foot,3822.2,car,,,,,,3822.2,3822.2,3822.2,3822.1999999999994,13044.4,no,yes,13044.4,no,yes,13044.4,no,yes,13044.399999999998,no,yes,no,yes,no,yes,no,yes,no,yes,no,yes,no,yes,no,yes,no,yes,no,yes,no,yes,no,yes,no,yes,no,yes,no,yes,no,yes,no,yes
67,Kinowelt Alfeld,Kinowelt Alfeld_Langenholzen_15.csv,1141.6,374.2,407.4,0,Kinowelt Alfeld_Langenholzen_18.csv,1141.6,374.2,407.4,0,Kinowelt Alfeld_Langenholzen_21.csv,2872.9,2514.6,178.3,0.0,489.8,2916.3,Alfeld (Leine),POINT (9.87029551135794 51.97219834298564),3532.438243860695,3591.0028541425468,,5156.1,3.14558764378289,3.14558764378289,1.2499574834287817,2.5137109236648536,4666.3,transit,1141.6,car,360.0,68.46531184302732,transit,1141.6,car,360.0,68.46531184302732,transit,2872.9,car,180.0,93.7345539350482,900.0,76.88839254036762,0.0,1141.6,1141.6,2872.9,1718.7,7683.2,no,yes,7683.2,no,yes,11145.8,no,yes,8837.4,no,yes,no,yes,no,yes,no,yes,no,yes,yes,yes,yes,yes,no,yes,no,yes,no,yes,no,yes,no,yes,no,yes,no,yes,no,yes,no,yes,no,yes
68,Kinowelt Alfeld,"Kinowelt Alfeld_Alfeld(Leine),Gebrüder-Woge-Str._15.csv",868.8,101.4,407.4,0,"Kinowelt Alfeld_Alfeld(Leine),Gebrüder-Woge-Str._18.csv",868.8,101.4,407.4,0,"Kinowelt Alfeld_Alfeld(Leine),Gebrüder-Woge-Str._21.csv",2690.1,2331.8,178.3,0.0,446.5,2364.4,Alfeld (Leine),POINT (9.863299434354976 51.97467483374921),2979.3760223723634,3037.083279317173,,4427.7,3.49572200658054,3.49572200658054,1.1289852716691473,2.706809761610076,3981.2,transit,868.8,car,360.0,58.56353591160221,transit,868.8,car,360.0,58.56353591160221,foot,2364.4,car,179.99999999999957,93.30879892940784,899.9999999999995,70.14529025087076,0.0,868.8,868.8,2364.4,1367.3333333333333,7137.6,no,yes,7137.6,no,yes,10128.8,no,yes,8134.666666666666,no,yes,no,yes,no,yes,no,yes,no,yes,yes,yes,yes,yes,no,yes,no,yes,no,yes,no,yes,no,yes,no,yes,no,yes,no,yes,no,yes,no,yes
69,Kinowelt Alfeld,Kinowelt Alfeld_RöllinghausenKirche_15.csv,957.3,189.9,407.4,0,Kinowelt Alfeld_RöllinghausenKirche_18.csv,957.3,189.9,407.4,0,Kinowelt Alfeld_RöllinghausenKirche_21.csv,2577.0,2218.7,178.3,0.0,437.6,2275.6,Alfeld (Leine),POINT (9.861885304843716 51.975412984587294),2856.0680609481774,2912.2492227582184,,4491.6,3.042148984391746,3.042148984391746,1.1300928299411015,2.404796932908198,4054.000000000001,transit,957.3,car,360.0,62.39423378251332,transit,957.3,car,360.0,62.39423378251332,foot,2275.6,car,180.0,93.0151338766007,900.0,72.60120048054245,0.0,957.3,957.3,2275.6,1396.7333333333333,7314.6,no,yes,7314.6,no,yes,9951.2,no,yes,8193.466666666667,no,yes,no,yes,no,yes,no,yes,no,yes,yes,yes,yes,yes,no,yes,no,yes,no,yes,no,yes,no,yes,no,yes,no,yes,no,yes,no,yes,no,yes
70,Kinowelt Alfeld,Kinowelt Alfeld_AlfeldAndenSteinköpfen_15.csv,4147.7,887.3,1160.4,0,Kinowelt Alfeld_AlfeldAndenSteinköpfen_18.csv,4380.4,1262.1,898.3,0,Kinowelt Alfeld_AlfeldAndenSteinköpfen_21.csv,1819.1,1308.4,390.7,0.0,534.0,2047.5,Alfeld (Leine),POINT (9.806659927433508 51.970288598427544),2180.870288943215,2336.4873956244123,,10347.2,0.5633212131119446,0.5333958989189144,1.2844194357783587,0.7937121826030726,9813.2,foot,2047.5,car,2100.0,49.36953010101985,foot,2047.5,car,2220.0,49.319696831339606,transit,1819.1,car,119.99999999999976,93.40333131768458,4440.0,64.03085275001467,0.0,2047.5,2047.5,1819.1,1971.3666666666668,9495.0,no,yes,9495.0,no,yes,9038.2,no,yes,9342.733333333334,no,yes,no,yes,no,yes,no,yes,no,yes,no,yes,no,yes,no,yes,no,yes,no,yes,no,yes,no,yes,no,yes,no,yes,no,yes,no,yes,no,yes
71,Kinowelt Alfeld,Kinowelt Alfeld_AlfeldBahnhof-ZOB_15.csv,1415.3,1117.0,178.3,0,Kinowelt Alfeld_AlfeldBahnhof-ZOB_18.csv,1415.3,1117.0,178.3,0,Kinowelt Alfeld_AlfeldBahnhof-ZOB_21.csv,1415.3,1117.0,178.3,0.0,438.6,1856.2,Alfeld (Leine),POINT (9.807130092254821 51.97110007305261),2088.11102713557,2242.979721418871,,4245.9,1.58480867760819,1.58480867760819,1.58480867760819,1.58480867760819,3807.3,transit,1415.3,car,120.0,91.52123224758002,transit,1415.3,car,120.0,91.52123224758002,transit,1415.3,car,120.0,91.52123224758002,360.0,91.52123224758002,0.0,1415.3,1415.3,1415.3,1415.3,8230.6,no,yes,8230.6,no,yes,8230.6,no,yes,8230.6,no,yes,no,yes,no,yes,no,yes,no,yes,no,yes,no,yes,no,yes,no,yes,no,yes,no,yes,no,yes,no,yes,no,yes,no,yes,no,yes,no,yes
72,Kinowelt Alfeld,Kinowelt Alfeld_AlfeldNeuerFriedhofH.S._15.csv,636.8,398.5,178.3,0,Kinowelt Alfeld_AlfeldNeuerFriedhofH.S._18.csv,636.8,398.5,178.3,0,Kinowelt Alfeld_AlfeldNeuerFriedhofH.S._21.csv,636.0,337.7,178.3,0.0,220.1,406.7,Alfeld (Leine),POINT (9.822480217602443 51.99170865255513),589.4746820869881,433.9693274756679,,1909.6,0.6814844966640514,0.6814844966640514,0.6823417098674024,0.6817702343985017,1689.5,foot,406.7,car,60.0,90.5778894472362,foot,406.7,car,60.0,90.5778894472362,foot,406.7,car,120.0,81.13207547169812,240.0,87.42928478872349,0.0,406.7,406.7,406.7,406.7,6213.4,yes,yes,6213.4,yes,yes,6213.4,yes,yes,6213.4,yes,yes,yes,yes,yes,yes,yes,yes,yes,yes,yes,yes,yes,yes,yes,yes,yes,yes,no,yes,no,yes,no,yes,no,yes,yes,yes,yes,yes,yes,yes,yes,yes
73,Kinowelt Alfeld,Kinowelt Alfeld_AlfeldAndenSteinköpfen_15.csv,4243.9,983.5,1160.4,0,Kinowelt Alfeld_AlfeldAndenSteinköpfen_18.csv,4476.6,1358.3,898.3,0,Kinowelt Alfeld_AlfeldAndenSteinköpfen_21.csv,1915.3,1404.6,390.7,0.0,575.6,2143.8,Alfeld (Leine),POINT (9.802335544787253 51.969566038246114),2421.963216635032,2571.1187674866283,,10635.8,0.6058386784529863,0.5743463270085842,1.3424104670216823,0.8408651574944177,10060.2,foot,2143.8,car,2099.9999999999995,50.51721294092698,foot,2143.8,car,2220.0000000000005,50.40879238707948,transit,1915.3,car,120.0,93.73466297707932,4440.0,64.88688943502859,0.0,2143.8,2143.8,1915.3,2067.6333333333337,9687.6,no,yes,9687.6,no,yes,9230.6,no,yes,9535.266666666666,no,yes,no,yes,no,yes,no,yes,no,yes,no,yes,no,yes,no,yes,no,yes,no,yes,no,yes,no,yes,no,yes,no,yes,no,yes,no,yes,no,yes
74,Kinowelt Alfeld,Kinowelt Alfeld_HoheWarte_15.csv,6804.8,3836.3,448.5,1,Kinowelt Alfeld_HoheWarte_18.csv,7445.8,3127.5,178.3,1,no routes possible to this cinema,,,,,583.5,3775.4,Alfeld (Leine),POINT (9.76892235 51.9877418),3812.985946261304,3835.176842942149,,,0.5635987601313998,0.5150792182092118,,,,foot,3775.4,car,2520.0,62.96731718786739,foot,3775.4,car,4140.0,44.39818421123318,foot,3775.4,car,,,,,,3775.4,3775.4,3775.4,3775.4,12950.8,no,yes,12950.8,no,yes,12950.8,no,yes,12950.8,no,yes,no,yes,no,yes,no,yes,no,yes,no,yes,no,yes,no,yes,no,yes,no,yes,no,yes,no,yes,no,yes,no,yes,no,yes,no,yes,no,yes
75,Kinowelt Alfeld,Kinowelt Alfeld_BrüggenPosthof_15.csv,4693.1,2114.8,178.3,1,Kinowelt Alfeld_BrüggenPosthof_18.csv,5562.5,1244.2,178.3,1,no routes possible to this cinema,,,,,651.9,4392.6,Alfeld (Leine),POINT (9.76413465 52.00618949999999),4679.9792664345805,4625.035481507047,,,0.9854968957633646,0.8314670528551994,,,,foot,4392.6,car,2400.0,48.861093946432,foot,4392.6,car,4140.0,25.57303370786517,foot,4392.6,car,,,,,,4392.6,4392.6,4392.6,4392.6,14185.2,no,yes,14185.2,no,yes,14185.2,no,yes,14185.2,no,yes,no,yes,no,yes,no,yes,no,yes,no,yes,no,yes,no,yes,no,yes,no,yes,no,yes,no,yes,no,yes,no,yes,no,yes,no,yes,no,yes
76,Kinowelt Alfeld,Kinowelt Alfeld_AlfeldBreslauerStraße_15.csv,6683.9,2242.3,1861.6,0,Kinowelt Alfeld_AlfeldBreslauerStraße_18.csv,6683.9,2242.3,1861.6,2,Kinowelt Alfeld_AlfeldBreslauerStraße_21.csv,2086.5,1575.8,390.7,0.0,525.4,2314.9,Alfeld (Leine),POINT (9.801994183486832 51.96654511344605),2705.4993630464264,2860.0232603095155,,15454.3,0.4278973743337745,0.4278973743337745,1.3707276589070287,0.7421741358581926,14928.9,foot,2314.9,car,2580.0,61.39978156465536,foot,2314.9,car,2580.0,61.39978156465536,transit,2086.5,car,120.0,94.24874191229333,5280.0,72.34943501386802,2.0,2314.9,2314.9,2086.5,2238.766666666667,10029.8,no,yes,10029.8,no,yes,9573.0,no,yes,9877.533333333333,no,yes,no,yes,no,yes,no,yes,no,yes,no,yes,no,yes,no,yes,no,yes,no,yes,no,yes,no,yes,no,yes,no,yes,no,yes,no,yes,no,yes
77,Kinowelt Alfeld,Kinowelt Alfeld_DelligsenKindergarten_15.csv,4743.9,1483.5,1160.4,0,Kinowelt Alfeld_DelligsenKindergarten_18.csv,7603.7,342.1,1861.6,1,Kinowelt Alfeld_DelligsenKindergarten_21.csv,2415.2,1904.5,390.7,0.0,557.4,2643.7,Alfeld (Leine),POINT (9.798300303906244 51.964578590920546),3030.948550963384,3183.284646281027,,14762.8,0.6710269285358096,0.4186494267634214,1.318021135426063,0.8025658302417646,14205.4,foot,2643.7,car,2099.9999999999995,55.73262505533423,foot,2643.7,car,5400.0,28.981943001433518,transit,2415.2,car,120.0,95.03146737330242,7620.0,59.91534514335672,1.0,2643.7,2643.7,2415.2,2567.5333333333333,10687.4,no,yes,10687.4,no,yes,10230.4,no,yes,10535.066666666666,no,yes,no,yes,no,yes,no,yes,no,yes,no,yes,no,yes,no,yes,no,yes,no,yes,no,yes,no,yes,no,yes,no,yes,no,yes,no,yes,no,yes
78,Kinowelt Alfeld,Kinowelt Alfeld_AlfeldBreslauerStraße_15.csv,6553.7,2112.1,1861.6,0,Kinowelt Alfeld_AlfeldBreslauerStraße_18.csv,6553.7,2112.1,1861.6,2,Kinowelt Alfeld_AlfeldBreslauerStraße_21.csv,2094.8,1584.1,390.7,0.0,541.6,2323.3,Alfeld (Leine),POINT (9.801965831992007 51.96780076098492),2593.031194686525,2745.2647736597432,,15202.2,0.4188877692997457,0.4188877692997457,1.3105140221786056,0.7160965202593657,14660.6,foot,2323.3,car,2580.0,60.63292491264477,foot,2323.3,car,2580.0,60.63292491264477,transit,2094.8,car,120.00000000000024,94.27152950162304,5280.0,71.84579310897087,2.0,2323.3,2323.3,2094.8,2247.1333333333337,10046.6,no,yes,10046.6,no,yes,9589.6,no,yes,9894.266666666666,no,yes,no,yes,no,yes,no,yes,no,yes,no,yes,no,yes,no,yes,no,yes,no,yes,no,yes,no,yes,no,yes,no,yes,no,yes,no,yes,no,yes
79,Kinowelt Alfeld,Kinowelt Alfeld_HoheWarte_15.csv,6838.4,3869.9,448.5,1,Kinowelt Alfeld_HoheWarte_18.csv,7479.4,3161.1,178.3,1,no routes possible to this cinema,,,,,594.7,3809.0,Alfeld (Leine),POINT (9.7695934 51.98676235),3764.697332577907,3791.758191096952,,,0.5544803157313044,0.5069602095217467,,,,foot,3809.0,car,2520.0,63.14927468413664,foot,3809.0,car,4140.0,44.64796641441827,foot,3809.0,car,,,,,,3809.0,3809.0,3809.0,3809.0,13018.0,no,yes,13018.0,no,yes,13018.0,no,yes,13018.0,no,yes,no,yes,no,yes,no,yes,no,yes,no,yes,no,yes,no,yes,no,yes,no,yes,no,yes,no,yes,no,yes,no,yes,no,yes,no,yes,no,yes
80,Kinowelt Alfeld,Kinowelt Alfeld_AlfeldWarzerWeg_15.csv,4388.8,1128.4,1160.4,0,Kinowelt Alfeld_AlfeldWarzerWeg_18.csv,5671.0,1951.6,1379.4,0,Kinowelt Alfeld_AlfeldWarzerWeg_21.csv,2060.2,1549.5,390.7,0.0,520.1,2288.6,Alfeld (Leine),POINT (9.802226673719119 51.966966557828115),2657.8982897766746,2812.06884251669,,12120.0,0.6407375233587063,0.4958682494298518,1.3649494430233424,0.8338517386039669,11599.9,foot,2288.6,car,2100.0,52.1509296390813,foot,2288.6,car,2340.0,58.73743607829307,transit,2060.2,car,119.99999999999976,94.17532278419571,4560.0,68.3545628338567,0.0,2288.6,2288.6,2060.2,2212.4666666666667,9977.2,no,yes,9977.2,no,yes,9520.4,no,yes,9824.933333333334,no,yes,no,yes,no,yes,no,yes,no,yes,no,yes,no,yes,no,yes,no,yes,no,yes,no,yes,no,yes,no,yes,no,yes,no,yes,no,yes,no,yes
81,Kinowelt Alfeld,Kinowelt Alfeld_HoheWarte_15.csv,6818.4,3849.9,448.5,1,Kinowelt Alfeld_HoheWarte_18.csv,7459.4,3141.1,178.3,1,no routes possible to this cinema,,,,,588.0,3789.0,Alfeld (Leine),POINT (9.76915905 51.987830450000004),3797.095876482316,3818.837317765011,,,0.5600782174359104,0.5119496632121902,,,,foot,3789.0,car,2520.0,63.041182682154165,foot,3789.0,car,4140.0,44.49955760516932,foot,3789.0,car,,,,,,3789.0,3789.0,3789.0,3789.0,12978.0,no,yes,12978.0,no,yes,12978.0,no,yes,12978.0,no,yes,no,yes,no,yes,no,yes,no,yes,no,yes,no,yes,no,yes,no,yes,no,yes,no,yes,no,yes,no,yes,no,yes,no,yes,no,yes,no,yes
82,Kinowelt Alfeld,Kinowelt Alfeld_AlfeldHannoverscheStraße_15.csv,4134.6,1337.7,576.9,0,Kinowelt Alfeld_AlfeldHannoverscheStraße_18.csv,4456.0,1337.7,898.3,0,Kinowelt Alfeld_AlfeldHannoverscheStraße_21.csv,1894.7,1384.0,390.7,0.0,511.6,2123.2,Alfeld (Leine),POINT (9.805224651530445 51.96938174904833),2319.7624762399805,2474.537741749968,,10485.3,0.5984950761258568,0.5553271413262945,1.306031425423533,0.8199512142918948,9973.7,foot,2123.2,car,2220.0000000000005,46.30677695544913,foot,2123.2,car,2220.0,50.179533213644525,transit,1894.7,car,120.0,93.66654351612392,4560.0,63.38428456173919,0.0,2123.2,2123.2,1894.7,2047.033333333333,9646.4,no,yes,9646.4,no,yes,9189.4,no,yes,9494.066666666666,no,yes,no,yes,no,yes,no,yes,no,yes,no,yes,no,yes,no,yes,no,yes,no,yes,no,yes,no,yes,no,yes,no,yes,no,yes,no,yes,no,yes
83,Kinowelt Alfeld,Kinowelt Alfeld_AlfeldAndenSteinköpfen_15.csv,4134.8,874.4,1160.4,0,Kinowelt Alfeld_AlfeldAndenSteinköpfen_18.csv,4367.4,1249.1,898.3,0,Kinowelt Alfeld_AlfeldAndenSteinköpfen_21.csv,1806.1,1295.4,390.7,0.0,487.5,2034.6,Alfeld (Leine),POINT (9.806258499603212 51.96874259679973),2340.013077533068,2497.675758843271,,10308.3,0.604062048670618,0.5718907722771606,1.3829111117010526,0.852954644216277,9820.8,foot,2034.6,car,2100.0,49.21157008803328,foot,2034.6,car,2220.0,49.16884187388377,transit,1806.1,car,119.99999999999976,93.35584962072976,4440.0,63.9120871942156,0.0,2034.6,2034.6,1806.1,1958.4333333333332,9469.2,no,yes,9469.2,no,yes,9012.2,no,yes,9316.866666666667,no,yes,no,yes,no,yes,no,yes,no,yes,no,yes,no,yes,no,yes,no,yes,no,yes,no,yes,no,yes,no,yes,no,yes,no,yes,no,yes,no,yes
84,Kinowelt Alfeld,Kinowelt Alfeld_GodenauKolonie_15.csv,3109.2,140.7,448.5,1,Kinowelt Alfeld_GodenauKolonie_18.csv,6400.2,2081.9,178.3,1,no routes possible to this cinema,,,,,558.2,4345.8,Alfeld (Leine),POINT (9.772352122800779 52.025336963728314),5602.472644782313,5488.688740966634,,,1.765305783148924,0.8575808163755249,,,,transit,3109.2,car,2520.0,18.95021227325357,foot,4345.8,car,4140.0,35.31452142120559,foot,4345.8,car,,,,,,3109.2,4345.8,4345.8,3933.6,11618.4,no,yes,14091.6,no,yes,14091.6,no,yes,13267.2,no,yes,no,yes,no,yes,no,yes,no,yes,no,yes,no,yes,no,yes,no,yes,no,yes,no,yes,no,yes,no,yes,no,yes,no,yes,no,yes,no,yes
85,Kinowelt Alfeld,Kinowelt Alfeld_WarzenFriedhof_15.csv,6727.0,3758.5,448.5,1,Kinowelt Alfeld_WarzenFriedhof_18.csv,7368.0,3049.7,178.3,1,no routes possible to this cinema,,,,,545.2,3643.9,Alfeld (Leine),POINT (9.767654971165832 51.98697526882811),3898.022622256681,3923.962734530096,,,0.5833154057574098,0.5325682321566363,,,,foot,3643.9,car,2520.0,62.53902185223725,foot,3643.9,car,4140.0,43.81107491856678,foot,3643.9,car,,,,,,3643.9,3643.9,3643.9,3643.9,12687.8,no,yes,12687.8,no,yes,12687.8,no,yes,12687.8,no,yes,no,yes,no,yes,no,yes,no,yes,no,yes,no,yes,no,yes,no,yes,no,yes,no,yes,no,yes,no,yes,no,yes,no,yes,no,yes,no,yes
86,Kinowelt Alfeld,Kinowelt Alfeld_AlfeldWarzerWeg_15.csv,4302.4,1042.0,1160.4,0,Kinowelt Alfeld_AlfeldWarzerWeg_18.csv,5584.5,1865.1,1379.4,0,Kinowelt Alfeld_AlfeldWarzerWeg_21.csv,1973.7,1463.0,390.7,0.0,492.2,2202.2,Alfeld (Leine),POINT (9.808201489670616 51.96653677892974),2488.475303785152,2651.801951548153,,11860.6,0.6163541166670121,0.4748503807947269,1.343568906899809,0.8115911347871827,11368.4,foot,2202.2,car,2099.9999999999995,51.190033469691336,foot,2202.2,car,2340.0,58.0983078162772,transit,1973.7,car,120.0,93.92004863961088,4560.0,67.73612997519314,0.0,2202.2,2202.2,1973.7,2126.0333333333333,9804.4,no,yes,9804.4,no,yes,9347.4,no,yes,9652.066666666666,no,yes,no,yes,no,yes,no,yes,no,yes,no,yes,no,yes,no,yes,no,yes,no,yes,no,yes,no,yes,no,yes,no,yes,no,yes,no,yes,no,yes
87,Kinowelt Alfeld,Kinowelt Alfeld_DelligsenKindergarten_15.csv,4678.2,1417.8,1160.4,0,Kinowelt Alfeld_DelligsenKindergarten_18.csv,7538.0,276.4,1861.6,1,Kinowelt Alfeld_DelligsenKindergarten_21.csv,2349.5,1838.8,390.7,0.0,571.3,2578.0,Alfeld (Leine),POINT (9.799278579769586 51.96474534984012),2976.541955276484,3129.9971144082742,,14565.7,0.6690601330443919,0.4152291210411613,1.3321971118996698,0.8054954553284077,13994.4,foot,2578.0,car,2100.0,55.11094010516865,foot,2578.0,car,5400.0,28.3629609976121,transit,2349.5,car,120.0,94.8925303256012,7620.0,59.45547714279398,1.0,2578.0,2578.0,2349.5,2501.8333333333335,10556.0,no,yes,10556.0,no,yes,10099.0,no,yes,10403.666666666668,no,yes,no,yes,no,yes,no,yes,no,yes,no,yes,no,yes,no,yes,no,yes,no,yes,no,yes,no,yes,no,yes,no,yes,no,yes,no,yes,no,yes
88,Kinowelt Alfeld,Kinowelt Alfeld_AlfeldNeuerFriedhofH.S._15.csv,590.2,351.9,178.3,0,Kinowelt Alfeld_AlfeldNeuerFriedhofH.S._18.csv,590.2,351.9,178.3,0,Kinowelt Alfeld_AlfeldNeuerFriedhofH.S._21.csv,705.0,406.7,178.3,0.0,204.6,448.3,Alfeld (Leine),POINT (9.822360844068635 51.99233032936514),658.7359539089384,501.69558549721705,,1885.4,0.8500433505544172,0.8500433505544172,0.7116249439676837,0.8039038816921726,1680.8000000000002,foot,448.3,car,60.0,89.83395459166384,foot,448.3,car,60.0,89.83395459166384,foot,448.3,car,120.0,82.97872340425532,240.0,87.54887752919433,0.0,448.3,448.3,448.3,448.3,6296.6,yes,yes,6296.6,yes,yes,6296.6,yes,yes,6296.6,yes,yes,yes,yes,yes,yes,yes,yes,yes,yes,yes,yes,yes,yes,yes,yes,yes,yes,no,yes,no,yes,no,yes,no,yes,yes,yes,yes,yes,yes,yes,yes,yes
89,Kinowelt Alfeld,Kinowelt Alfeld_AlfeldAndenSteinköpfen_15.csv,4173.7,913.3,1160.4,0,Kinowelt Alfeld_AlfeldAndenSteinköpfen_18.csv,4406.3,1288.0,898.3,0,Kinowelt Alfeld_AlfeldAndenSteinköpfen_21.csv,1845.0,1334.3,390.7,0.0,542.9,2073.5,Alfeld (Leine),POINT (9.805960742604785 51.97036494494487),2201.131481933269,2355.294942024911,,10425.0,0.5643182169357911,0.534528956726712,1.276582624403746,0.7918099326887497,9882.1,foot,2073.5,car,2100.0,49.684931835062415,foot,2073.5,car,2220.0,49.617592991852575,transit,1845.0,car,120.0,93.4959349593496,4440.0,64.2661532620882,0.0,2073.5,2073.5,1845.0,1997.3333333333333,9547.0,no,yes,9547.0,no,yes,9090.0,no,yes,9394.666666666666,no,yes,no,yes,no,yes,no,yes,no,yes,no,yes,no,yes,no,yes,no,yes,no,yes,no,yes,no,yes,no,yes,no,yes,no,yes,no,yes,no,yes
90,Kinowelt Alfeld,Kinowelt Alfeld_AlfeldBreslauerStraße_15.csv,6376.2,1934.6,1861.6,0,Kinowelt Alfeld_AlfeldBreslauerStraße_18.csv,6376.2,1934.6,1861.6,2,Kinowelt Alfeld_AlfeldBreslauerStraße_21.csv,1913.5,1402.8,390.7,0.0,517.8,2141.9,Alfeld (Leine),POINT (9.804633207135309 51.969336339362826),2347.198679724064,2501.014918283721,,14665.9,0.392242231781268,0.392242231781268,1.3070368007753963,0.6971737547793108,14148.1,foot,2141.9,car,2580.0,59.537028324080175,foot,2141.9,car,2580.0,59.537028324080175,transit,1913.5,car,120.0,93.72876927096942,5280.0,70.93427530637659,2.0,2141.9,2141.9,1913.5,2065.766666666667,9683.8,no,yes,9683.8,no,yes,9227.0,no,yes,9531.533333333333,no,yes,no,yes,no,yes,no,yes,no,yes,no,yes,no,yes,no,yes,no,yes,no,yes,no,yes,no,yes,no,yes,no,yes,no,yes,no,yes,no,yes
91,Kinowelt Alfeld,Kinowelt Alfeld_Wispenstein_15.csv,947.0,179.6,407.4,0,Kinowelt Alfeld_Wispenstein_18.csv,947.0,179.6,407.4,0,Kinowelt Alfeld_Wispenstein_21.csv,2587.4,2229.1,178.3,0.0,438.7,2286.0,Alfeld (Leine),POINT (9.861788944111325 51.97509818373783),2865.4983836230267,2923.587957207017,,4481.4,3.087210092087663,3.087210092087663,1.129932734485204,2.434784306220177,4042.7,transit,947.0,car,360.0,61.98521647307286,transit,947.0,car,360.0,61.98521647307286,foot,2286.0,car,180.0,93.04320939939709,900.0,72.3378807818476,0.0,947.0,947.0,2286.0,1393.3333333333333,7294.0,no,yes,7294.0,no,yes,9972.0,no,yes,8186.666666666666,no,yes,no,yes,no,yes,no,yes,no,yes,yes,yes,yes,yes,no,yes,no,yes,no,yes,no,yes,no,yes,no,yes,no,yes,no,yes,no,yes,no,yes
92,Kinowelt Alfeld,Kinowelt Alfeld_HoheWarte_15.csv,6804.8,3836.3,448.5,1,Kinowelt Alfeld_HoheWarte_18.csv,7445.8,3127.5,178.3,1,no routes possible to this cinema,,,,,583.5,3775.4,Alfeld (Leine),POINT (9.76892235 51.9877418),3812.985946261304,3835.176842942149,,,0.5635987601313998,0.5150792182092118,,,,foot,3775.4,car,2520.0,62.96731718786739,foot,3775.4,car,4140.0,44.39818421123318,foot,3775.4,car,,,,,,3775.4,3775.4,3775.4,3775.4,12950.8,no,yes,12950.8,no,yes,12950.8,no,yes,12950.8,no,yes,no,yes,no,yes,no,yes,no,yes,no,yes,no,yes,no,yes,no,yes,no,yes,no,yes,no,yes,no,yes,no,yes,no,yes,no,yes,no,yes
93,Kinowelt Alfeld,Kinowelt Alfeld_HoheWarte_15.csv,6851.6,3883.1,448.5,1,Kinowelt Alfeld_HoheWarte_18.csv,7492.6,3174.3,178.3,1,no routes possible to this cinema,,,,,599.0,3822.2,Alfeld (Leine),POINT (9.769759005308645 51.98812275106528),3757.2909406421472,3777.53538248908,,,0.5513362400737171,0.5041688309117102,,,,foot,3822.2,car,2520.0,63.22026971802207,foot,3822.2,car,4140.0,44.74548220911299,foot,3822.2,car,,,,,,3822.2,3822.2,3822.2,3822.1999999999994,13044.4,no,yes,13044.4,no,yes,13044.4,no,yes,13044.399999999998,no,yes,no,yes,no,yes,no,yes,no,yes,no,yes,no,yes,no,yes,no,yes,no,yes,no,yes,no,yes,no,yes,no,yes,no,yes,no,yes,no,yes
94,Kinowelt Alfeld,Kinowelt Alfeld_AlfeldSparkasse_15.csv,453.0,214.7,178.3,0,Kinowelt Alfeld_AlfeldSparkasse_18.csv,453.0,214.7,178.3,0,Kinowelt Alfeld_AlfeldSparkasse_21.csv,795.0,496.7,178.3,0.0,158.8,538.3,Alfeld (Leine),POINT (9.8231664 51.99382205),813.9237262955987,648.9905721308401,,1701.0,1.4326502696045034,1.4326502696045034,0.8163403423029435,1.22721362717065,1542.2,transit,453.0,car,60.0,86.75496688741721,transit,453.0,car,60.0,86.75496688741721,foot,538.3,car,120.0,84.90566037735849,240.0,86.13853138406431,0.0,453.0,453.0,538.3,481.43333333333334,6306.0,yes,yes,6306.0,yes,yes,6476.6,yes,yes,6362.866666666667,yes,yes,no,yes,no,yes,no,yes,no,yes,yes,yes,yes,yes,yes,yes,yes,yes,no,yes,no,yes,no,yes,no,yes,yes,yes,yes,yes,yes,yes,yes,yes
95,Kinowelt Alfeld,Kinowelt Alfeld_AlfeldNeuerFriedhofH.S._15.csv,590.2,351.9,178.3,0,Kinowelt Alfeld_AlfeldNeuerFriedhofH.S._18.csv,590.2,351.9,178.3,0,Kinowelt Alfeld_AlfeldNeuerFriedhofH.S._21.csv,705.0,406.7,178.3,0.0,204.6,448.3,Alfeld (Leine),POINT (9.822360844068635 51.99233032936514),658.7359539089384,501.69558549721705,,1885.4,0.8500433505544172,0.8500433505544172,0.7116249439676837,0.8039038816921726,1680.8000000000002,foot,448.3,car,60.0,89.83395459166384,foot,448.3,car,60.0,89.83395459166384,foot,448.3,car,120.0,82.97872340425532,240.0,87.54887752919433,0.0,448.3,448.3,448.3,448.3,6296.6,yes,yes,6296.6,yes,yes,6296.6,yes,yes,6296.6,yes,yes,yes,yes,yes,yes,yes,yes,yes,yes,yes,yes,yes,yes,yes,yes,yes,yes,no,yes,no,yes,no,yes,no,yes,yes,yes,yes,yes,yes,yes,yes,yes
96,Kinowelt Alfeld,Kinowelt Alfeld_AlfeldKaiserhof_15.csv,666.5,368.2,178.3,0,Kinowelt Alfeld_AlfeldKaiserhof_18.csv,666.5,368.2,178.3,0,Kinowelt Alfeld_AlfeldKaiserhof_21.csv,666.5,368.2,178.3,0.0,264.4,381.5,Alfeld (Leine),POINT (9.829477499999998 51.98555105),364.979527878304,428.020194820449,,1999.5,0.6421908399406586,0.6421908399406586,0.6421908399406586,0.6421908399406586,1735.1,foot,381.5,car,120.0,81.99549887471868,foot,381.5,car,120.0,81.99549887471868,foot,381.5,car,120.0,81.99549887471868,360.0,81.99549887471868,0.0,381.5,381.5,381.5,381.5,6163.0,yes,yes,6163.0,yes,yes,6163.0,yes,yes,6163.0,yes,yes,yes,yes,yes,yes,yes,yes,yes,yes,yes,yes,yes,yes,yes,yes,yes,yes,no,yes,no,yes,no,yes,no,yes,yes,yes,yes,yes,yes,yes,yes,yes
97,Kinowelt Alfeld,Kinowelt Alfeld_AlfeldSparkasse_15.csv,494.7,256.4,178.3,0,Kinowelt Alfeld_AlfeldSparkasse_18.csv,494.7,256.4,178.3,0,Kinowelt Alfeld_AlfeldSparkasse_21.csv,753.3,455.0,178.3,0.0,172.7,496.6,Alfeld (Leine),POINT (9.8230971 51.993302750000005),757.061034852274,593.0488065854776,,1742.6999999999998,1.1988049455942542,1.1988049455942542,0.7872677639525788,1.061625885047029,1569.9999999999998,transit,494.7,car,60.0,87.87143723468769,transit,494.7,car,60.0,87.87143723468769,foot,496.6,car,120.0,84.07009159697333,240.0,86.60432202211624,0.0,494.7,494.7,496.6,495.3333333333333,6389.4,yes,yes,6389.4,yes,yes,6393.2,yes,yes,6390.666666666667,yes,yes,no,yes,no,yes,no,yes,no,yes,yes,yes,yes,yes,yes,yes,yes,yes,no,yes,no,yes,no,yes,no,yes,yes,yes,yes,yes,yes,yes,yes,yes
98,Kinowelt Alfeld,Kinowelt Alfeld_AlfeldWarzerWeg_15.csv,4247.3,986.9,1160.4,0,Kinowelt Alfeld_AlfeldWarzerWeg_18.csv,5529.4,1810.0,1379.4,0,Kinowelt Alfeld_AlfeldWarzerWeg_21.csv,1918.6,1407.9,390.7,0.0,479.6,2147.1,Alfeld (Leine),POINT (9.808960785506331 51.966969274764125),2422.245153281045,2586.104367501174,,11695.3,0.6088819644247342,0.4677007211453637,1.3479122107271833,0.808164965432427,11215.7,foot,2147.1,car,2100.0,50.55682433546018,foot,2147.1,car,2339.9999999999995,57.6807610228958,transit,1918.6,car,119.99999999999976,93.74543938288336,4560.0,67.32767491374645,0.0,2147.1,2147.1,1918.6,2070.933333333333,9694.2,no,yes,9694.2,no,yes,9237.2,no,yes,9541.866666666665,no,yes,no,yes,no,yes,no,yes,no,yes,no,yes,no,yes,no,yes,no,yes,no,yes,no,yes,no,yes,no,yes,no,yes,no,yes,no,yes,no,yes
99,Kinowelt Alfeld,Kinowelt Alfeld_AlfeldGymnasium_15.csv,551.4,313.1,178.3,0,Kinowelt Alfeld_AlfeldGymnasium_18.csv,551.4,313.1,178.3,0,Kinowelt Alfeld_AlfeldGymnasium_21.csv,551.4,313.1,178.3,0.0,270.6,534.3,Alfeld (Leine),POINT (9.830967750000001 51.990978800000015),667.7197577509145,534.6168769855767,,1654.1999999999998,0.9695627076270888,0.9695627076270888,0.9695627076270888,0.9695627076270888,1383.6,foot,534.3,car,59.99999999999994,89.11860718171927,foot,534.3,car,59.99999999999994,89.11860718171927,foot,534.3,car,59.99999999999994,89.11860718171927,179.99999999999983,89.11860718171927,0.0,534.3,534.3,534.3,534.3,6468.6,yes,yes,6468.6,yes,yes,6468.6,yes,yes,6468.6,yes,yes,no,yes,no,yes,no,yes,no,yes,yes,yes,yes,yes,yes,yes,yes,yes,no,yes,no,yes,no,yes,no,yes,yes,yes,yes,yes,yes,yes,yes,yes
100,Kinowelt Alfeld,Kinowelt Alfeld_AlfeldBreslauerStraße_15.csv,5531.1,2374.2,576.9,0,Kinowelt Alfeld_AlfeldBreslauerStraße_18.csv,6815.8,2374.2,1861.6,2,no routes possible to this cinema,,,,,565.3,2706.5,Alfeld (Leine),POINT (9.79737694846128 51.964021730297475),3118.4508880862395,3270.3994614749686,,,0.5912746942696694,0.4798262069712973,,,,foot,2706.5,car,2580.0000000000005,53.35466724521342,foot,2706.5,car,2580.000000000001,62.1467766072948,foot,2706.5,car,,,,,,2706.5,2706.5,2706.5,2706.5,10813.0,no,yes,10813.0,no,yes,10813.0,no,yes,10813.0,no,yes,no,yes,no,yes,no,yes,no,yes,no,yes,no,yes,no,yes,no,yes,no,yes,no,yes,no,yes,no,yes,no,yes,no,yes,no,yes,no,yes
101,Kinowelt Alfeld,Kinowelt Alfeld_Langenholzen_15.csv,932.7,394.4,178.3,0,Kinowelt Alfeld_Langenholzen_18.csv,932.7,394.4,178.3,0,Kinowelt Alfeld_Langenholzen_21.csv,2893.1,2534.8,178.3,0.0,493.5,2904.2,Alfeld (Leine),POINT (9.87057596093089 51.97211433344311),3553.847253376664,3612.373250458243,,4758.5,3.873028037373478,3.873028037373478,1.2486167952916398,2.9982242900128653,4265.0,transit,932.7,car,360.0,61.40238018655517,transit,932.7,car,360.0,61.40238018655517,transit,2893.1,car,179.99999999999957,93.77830009332553,899.9999999999995,72.19435348881196,0.0,932.7,932.7,2893.1,1586.1666666666667,7265.4,no,yes,7265.4,no,yes,11186.2,no,yes,8572.333333333334,no,yes,no,yes,no,yes,no,yes,no,yes,yes,yes,yes,yes,no,yes,no,yes,no,yes,no,yes,no,yes,no,yes,no,yes,no,yes,no,yes,no,yes
102,Kinowelt Alfeld,Kinowelt Alfeld_GodenauKolonie_15.csv,2877.8,179.5,178.3,1,Kinowelt Alfeld_GodenauKolonie_18.csv,6439.0,2120.7,178.3,1,no routes possible to this cinema,,,,,562.5,4384.6,Alfeld (Leine),POINT (9.772135098886364 52.02580330845962),5651.952368323276,5537.659742324059,,,1.9242684489276736,0.8600185964162229,,,,transit,2877.8,car,2520.0,12.433108624643824,foot,4384.6,car,4140.0,35.704301910234506,foot,4384.6,car,,,,,,2877.8,4384.6,4384.6,3882.3333333333335,11155.6,no,yes,14169.2,no,yes,14169.2,no,yes,13164.666666666668,no,yes,no,yes,no,yes,no,yes,no,yes,no,yes,no,yes,no,yes,no,yes,no,yes,no,yes,no,yes,no,yes,no,yes,no,yes,no,yes,no,yes
103,Kinowelt Alfeld,Kinowelt Alfeld_HoheWarte_15.csv,4799.1,2220.8,178.3,1,Kinowelt Alfeld_HoheWarte_18.csv,5500.2,1181.9,178.3,1,no routes possible to this cinema,,,,,687.2,4498.5,Alfeld (Leine),POINT (9.76153456094106 52.00547944444468),4803.446788438543,4753.665302955844,,,0.9905326629901112,0.8642713543063605,,,,foot,4498.5,car,2400.0,49.990623241857854,foot,4498.5,car,4140.0,24.730009817824808,foot,4498.5,car,,,,,,4498.5,4498.5,4498.5,4498.5,14397.0,no,yes,14397.0,no,yes,14397.0,no,yes,14397.0,no,yes,no,yes,no,yes,no,yes,no,yes,no,yes,no,yes,no,yes,no,yes,no,yes,no,yes,no,yes,no,yes,no,yes,no,yes,no,yes,no,yes
