,Unnamed: 0.1,field_1,Unnamed: 0,cinema_name,15_total_route,15_total_duration,15_walk_to,15_walk_from,15_total_changes,18_total_route,18_total_duration,18_walk_to,18_walk_from,18_total_changes,21_total_route,21_total_duration,21_walk_to,21_walk_from,21_total_changes,car_duration,foot_duration,example_for,start_location,distance_start_centroid,distance_start_cinema,geometry
0,0,0,0.0,Ostseekino,Ostseekino_Bastorf_15.csv,1754.1,822.0,752.1,0,Ostseekino_Bastorf_18.csv,1754.1,822.0,752.1,0,Ostseekino_Bastorf_21.csv,1754.1,822.0,752.1,0,359.3,1138.5,Kühlungsborn,POINT (11.7256568 54.14168625000001),1263.6075470537105,1128.2446557599676,
1,1,1,0.0,Ostseekino,"Ostseekino_Kühlungsborn,Ost_15.csv",1496.9,564.8,752.1,0,"Ostseekino_Kühlungsborn,Ost_18.csv",1496.9,564.8,752.1,0,"Ostseekino_Kühlungsborn,Ost_21.csv",1496.9,564.8,752.1,0,245.9,741.8,Kühlungsborn,POINT (11.732496514368211 54.15051267172215),1440.2917201528742,787.5295835722379,
2,2,2,0.0,Ostseekino,"Ostseekino_Mechelsdorf,Abzweig_15.csv",2589.7,1657.6,752.1,0,"Ostseekino_Mechelsdorf,Abzweig_18.csv",2589.7,1657.6,752.1,0,"Ostseekino_Mechelsdorf,Abzweig_21.csv",2589.7,1657.6,752.1,0,282.6,773.7,Kühlungsborn,POINT (11.70646875244348 54.15287706578111),2895.021393391226,934.050709212396,
3,3,3,0.0,Ostseekino,Ostseekino_Bastorf_15.csv,1661.2,729.1,752.1,0,Ostseekino_Bastorf_18.csv,1661.2,729.1,752.1,0,Ostseekino_Bastorf_21.csv,1661.2,729.1,752.1,0,217.9,787.6,Kühlungsborn,POINT (11.723761189488888 54.1447357177669),1477.3898918945597,767.5467976261533,
4,4,4,0.0,Ostseekino,Ostseekino_KühlungsbornOsttrainstation_15.csv,1496.7,564.6,752.1,0,Ostseekino_KühlungsbornOsttrainstation_18.csv,1496.7,564.6,752.1,0,Ostseekino_KühlungsbornOsttrainstation_21.csv,1496.7,564.6,752.1,0,408.5,1314.0,Kühlungsborn,POINT (11.7305848 54.142153900000004),961.1578326056864,1217.7371291990528,
5,5,5,0.0,Ostseekino,Ostseekino_KühlungsbornZurAsbeck_15.csv,1341.9,409.8,752.1,0,Ostseekino_KühlungsbornZurAsbeck_18.csv,1341.9,409.8,752.1,0,Ostseekino_KühlungsbornZurAsbeck_21.csv,1341.9,409.8,752.1,0,546.8,2205.3,Kühlungsborn,POINT (11.76062015188238 54.145962295058766),1249.5984287682622,2687.629333853692,
6,6,6,0.0,Ostseekino,Ostseekino_Bastorf_15.csv,1518.3,586.2,752.1,0,Ostseekino_Bastorf_18.csv,1518.3,586.2,752.1,0,Ostseekino_Bastorf_21.csv,1518.3,586.2,752.1,0,206.1,477.3,Kühlungsborn,POINT (11.724114049999999 54.149201100000006),1708.7287823728889,335.9332661118669,
7,7,7,0.0,Ostseekino,"Ostseekino_Kühlungsborn,Ost_15.csv",1322.6,390.5,752.1,0,"Ostseekino_Kühlungsborn,Ost_18.csv",1322.6,390.5,752.1,0,"Ostseekino_Kühlungsborn,Ost_21.csv",1322.6,390.5,752.1,0,308.4,1422.1,Kühlungsborn,POINT (11.74098420536721 54.143040645913366),440.6382542612772,1626.2869212570404,
8,8,8,0.0,Ostseekino,Ostseekino_KühlungsbornZurAsbeck_15.csv,1466.7,534.6,752.1,0,Ostseekino_KühlungsbornZurAsbeck_18.csv,1466.7,534.6,752.1,0,Ostseekino_KühlungsbornZurAsbeck_21.csv,1466.7,534.6,752.1,0,569.1,2384.2,Kühlungsborn,POINT (11.762314161045149 54.14308056544596),1209.4029796305178,2881.7933630765465,
9,9,9,0.0,Ostseekino,Ostseekino_KühlungsbornZurAsbeck_15.csv,1599.5,727.4,752.1,0,Ostseekino_KühlungsbornZurAsbeck_18.csv,1599.5,727.4,752.1,0,Ostseekino_KühlungsbornZurAsbeck_21.csv,1599.5,727.4,752.1,0,385.0,2142.8,Kühlungsborn,POINT (11.7539113 54.14147515),631.9200860088059,2443.291130294445,
10,10,0,0.0,Ostseekino,Ostseekino_KühlungsbornZurAsbeck_15.csv,1731.4,859.3,752.1,0,Ostseekino_KühlungsbornZurAsbeck_18.csv,1731.4,859.3,752.1,0,Ostseekino_KühlungsbornZurAsbeck_21.csv,1731.4,859.3,752.1,0,535.8,2274.7,Kühlungsborn,POINT (11.753777600000001 54.14053565000002),599.5159478725036,2484.5366387720496,
11,11,1,0.0,Ostseekino,Ostseekino_KühlungsbornOsttrainstation_15.csv,1146.1,214.0,752.1,0,Ostseekino_KühlungsbornOsttrainstation_18.csv,1146.1,214.0,752.1,0,Ostseekino_KühlungsbornOsttrainstation_21.csv,1146.1,214.0,752.1,0,305.1,1230.7,Kühlungsborn,POINT (11.733500600000001 54.14440025),897.3974838580903,1148.5928782650842,
12,12,2,0.0,Ostseekino,"Ostseekino_Kühlungsborn,West_15.csv",1619.2,687.1,752.1,0,"Ostseekino_Kühlungsborn,West_18.csv",1619.2,687.1,752.1,0,"Ostseekino_Kühlungsborn,West_21.csv",1619.2,687.1,752.1,0,345.3,1718.6,Kühlungsborn,POINT (11.747172615751728 54.142162226303036),314.21901017240964,2019.907232030672,
13,13,3,0.0,Ostseekino,"Ostseekino_Kühlungsborn,Schloßstraße_15.csv",3019.6,701.4,2078.2,0,"Ostseekino_Kühlungsborn,Schloßstraße_18.csv",3019.6,701.4,2078.2,0,"Ostseekino_Kühlungsborn,Schloßstraße_21.csv",3019.6,701.4,2078.2,0,250.6,1230.3,Kühlungsborn,POINT (11.720963550000002 54.14152425),1564.278465788958,1095.7799771212146,
14,14,4,0.0,Ostseekino,"Ostseekino_Bastorf,GMZ_15.csv",2982.3,664.1,2078.2,0,"Ostseekino_Bastorf,GMZ_18.csv",2982.3,664.1,2078.2,0,"Ostseekino_Bastorf,GMZ_21.csv",2982.3,664.1,2078.2,0,42.2,126.7,Kühlungsborn,POINT (11.720517549263377 54.151291113393555),2037.515160387858,8.349738855986034,
15,15,5,0.0,Ostseekino,Ostseekino_KühlungsbornZurAsbeck_15.csv,2779.0,1846.9,752.1,0,Ostseekino_KühlungsbornZurAsbeck_18.csv,2779.0,1846.9,752.1,0,Ostseekino_KühlungsbornZurAsbeck_21.csv,2779.0,1846.9,752.1,0,496.9,2863.5,Kühlungsborn,POINT (11.752650790450376 54.13111183994139),1091.7390193352587,3080.350713580277,
16,16,6,0.0,Ostseekino,Ostseekino_KühlungsbornZurAsbeck_15.csv,1262.4,330.3,752.1,0,Ostseekino_KühlungsbornZurAsbeck_18.csv,1262.4,330.3,752.1,0,Ostseekino_KühlungsbornZurAsbeck_21.csv,1262.4,330.3,752.1,0,450.5,2007.6,Kühlungsborn,POINT (11.756852214225868 54.14532724444975),1008.4688338850776,2466.622911165321,
17,17,7,0.0,Ostseekino,"Ostseekino_Kühlungsborn,NeueReihe_15.csv",2609.9,1677.8,752.1,0,"Ostseekino_Kühlungsborn,NeueReihe_18.csv",2609.9,1677.8,752.1,0,"Ostseekino_Kühlungsborn,NeueReihe_21.csv",2609.9,1677.8,752.1,0,357.2,1130.7,Kühlungsborn,POINT (11.700685123357665 54.148510147201954),3037.777675140077,1335.1055293918091,
18,18,8,0.0,Ostseekino,Ostseekino_KühlungsbornZurAsbeck_15.csv,1451.2,519.1,752.1,0,Ostseekino_KühlungsbornZurAsbeck_18.csv,1451.2,519.1,752.1,0,Ostseekino_KühlungsbornZurAsbeck_21.csv,1451.2,519.1,752.1,0,545.9,2314.6,Kühlungsborn,POINT (11.762374343752148 54.14592591563463),1344.4354310932474,2800.336079778107,
19,19,9,0.0,Ostseekino,Ostseekino_KühlungsbornOsttrainstation_15.csv,1529.2,597.1,752.1,0,Ostseekino_KühlungsbornOsttrainstation_18.csv,1529.2,597.1,752.1,0,Ostseekino_KühlungsbornOsttrainstation_21.csv,1529.2,597.1,752.1,0,172.6,559.3,Kühlungsborn,POINT (11.727195876101964 54.15019230937287),1631.828214645385,454.6199287768864,
20,20,0,0.0,Ostseekino,Ostseekino_KühlungsbornOsttrainstation_15.csv,1153.6,221.5,752.1,0,Ostseekino_KühlungsbornOsttrainstation_18.csv,1153.6,221.5,752.1,0,Ostseekino_KühlungsbornOsttrainstation_21.csv,1153.6,221.5,752.1,0,307.6,1238.2,Kühlungsborn,POINT (11.73392943164535 54.14463252569341),890.2567079765734,1152.4404101481196,
21,21,1,0.0,Ostseekino,"Ostseekino_Kühlungsborn,Mitte_15.csv",1968.4,1036.3,752.1,0,"Ostseekino_Kühlungsborn,Mitte_18.csv",1968.4,1036.3,752.1,0,"Ostseekino_Kühlungsborn,Mitte_21.csv",1968.4,1036.3,752.1,0,267.5,1070.8,Kühlungsborn,POINT (11.72394383705696 54.142133427896816),1382.7482984532214,1051.528016784593,
22,22,2,0.0,Ostseekino,Ostseekino_KühlungsbornOsttrainstation_15.csv,1974.3,1042.2,752.1,0,Ostseekino_KühlungsbornOsttrainstation_18.csv,1974.3,1042.2,752.1,0,Ostseekino_KühlungsbornOsttrainstation_21.csv,1974.3,1042.2,752.1,0,149.6,299.0,Kühlungsborn,POINT (11.724021377675518 54.15287345441524),1990.9757522983032,283.13175608286406,
23,23,3,0.0,Ostseekino,"Ostseekino_Kühlungsborn,PflegeWohnPark_15.csv",1858.0,925.9,752.1,0,"Ostseekino_Kühlungsborn,PflegeWohnPark_18.csv",1858.0,925.9,752.1,0,"Ostseekino_Kühlungsborn,PflegeWohnPark_21.csv",1858.0,925.9,752.1,0,610.8,2491.4,Kühlungsborn,POINT (11.76730130513773 54.14970575534414),1846.890735938924,3061.4720948563577,
24,24,4,0.0,Ostseekino,Ostseekino_KühlungsbornZurAsbeck_15.csv,2226.6,1294.5,752.1,0,Ostseekino_KühlungsbornZurAsbeck_18.csv,2226.6,1294.5,752.1,0,Ostseekino_KühlungsbornZurAsbeck_21.csv,2226.6,1294.5,752.1,0,411.3,2349.3,Kühlungsborn,POINT (11.75277873253574 54.139831637174765),527.7508424052489,2467.531811756305,
25,25,5,0.0,Ostseekino,Ostseekino_KühlungsbornOsttrainstation_15.csv,1700.1,768.0,752.1,0,Ostseekino_KühlungsbornOsttrainstation_18.csv,1700.1,768.0,752.1,0,Ostseekino_KühlungsbornOsttrainstation_21.csv,1700.1,768.0,752.1,0,243.1,569.4,Kühlungsborn,POINT (11.728281962388875 54.15064144266091),1619.9708279991485,512.7914134355572,
26,26,6,0.0,Ostseekino,"Ostseekino_Kühlungsborn,Fulgen_15.csv",2208.0,1275.9,752.1,0,"Ostseekino_Kühlungsborn,Fulgen_18.csv",2208.0,1275.9,752.1,0,"Ostseekino_Kühlungsborn,Fulgen_21.csv",2208.0,1275.9,752.1,0,397.2,2330.7,Kühlungsborn,POINT (11.751119 54.140264400000014),423.2304554803392,2349.888635388301,
27,27,7,0.0,Ostseekino,Ostseekino_KühlungsbornZurAsbeck_15.csv,1888.0,1015.9,752.1,0,Ostseekino_KühlungsbornZurAsbeck_18.csv,1888.0,1015.9,752.1,0,Ostseekino_KühlungsbornZurAsbeck_21.csv,1888.0,1015.9,752.1,0,525.3,2431.3,Kühlungsborn,POINT (11.759567000000002 54.140883550000005),979.6051845134374,2804.980139928335,
28,28,8,0.0,Ostseekino,Ostseekino_KühlungsbornOsttrainstation_15.csv,1250.9,318.8,752.1,0,Ostseekino_KühlungsbornOsttrainstation_18.csv,1250.9,318.8,752.1,0,Ostseekino_KühlungsbornOsttrainstation_21.csv,1250.9,318.8,752.1,0,326.6,1255.7,Kühlungsborn,POINT (11.7328568 54.143094549999994),859.6819428683161,1223.2048043003083,
29,29,9,0.0,Ostseekino,Ostseekino_KühlungsbornOsttrainstation_15.csv,1125.3,193.2,752.1,0,Ostseekino_KühlungsbornOsttrainstation_18.csv,1125.3,193.2,752.1,0,Ostseekino_KühlungsbornOsttrainstation_21.csv,1125.3,193.2,752.1,0,296.3,1209.8,Kühlungsborn,POINT (11.7354941 54.1438471),755.9208408872925,1286.9675352712577,
30,30,0,0.0,Ostseekino,"Ostseekino_Kühlungsborn,GrünerWeg_15.csv",2830.3,1958.2,752.1,0,"Ostseekino_Kühlungsborn,GrünerWeg_18.csv",2830.3,1958.2,752.1,0,"Ostseekino_Kühlungsborn,GrünerWeg_21.csv",2830.3,1958.2,752.1,0,172.9,529.5,Kühlungsborn,POINT (11.710375115359215 54.1508134867834),2559.6868834369384,666.4103457546336,
31,31,1,0.0,Ostseekino,"Ostseekino_Wittenbeck,NasseEcke_15.csv",1620.5,688.4,752.1,0,"Ostseekino_Wittenbeck,NasseEcke_18.csv",1620.5,688.4,752.1,0,"Ostseekino_Wittenbeck,NasseEcke_21.csv",1620.5,688.4,752.1,0,602.3,2483.9,Kühlungsborn,POINT (11.764665486606214 54.14347336549679),1369.0745711465413,3014.7165983903706,
32,32,2,0.0,Ostseekino,"Ostseekino_Kühlungsborn,Mitte_15.csv",1829.6,897.5,752.1,0,"Ostseekino_Kühlungsborn,Mitte_18.csv",1829.6,897.5,752.1,0,"Ostseekino_Kühlungsborn,Mitte_21.csv",1829.6,897.5,752.1,0,304.5,1191.6,Kühlungsborn,POINT (11.723847319919448 54.140662977607604),1367.0310165683904,1210.8289230128344,
33,33,3,0.0,Ostseekino,Ostseekino_KühlungsbornZurAsbeck_15.csv,1483.1,551.0,752.1,0,Ostseekino_KühlungsbornZurAsbeck_18.csv,1483.1,551.0,752.1,0,Ostseekino_KühlungsbornZurAsbeck_21.csv,1483.1,551.0,752.1,0,531.3,1953.3,Kühlungsborn,POINT (11.755681649999998 54.1490821),1263.3048834764172,2310.716062684595,
34,34,4,0.0,Ostseekino,Ostseekino_KühlungsbornZurAsbeck_15.csv,1670.2,798.1,752.1,0,Ostseekino_KühlungsbornZurAsbeck_18.csv,1670.2,798.1,752.1,0,Ostseekino_KühlungsbornZurAsbeck_21.csv,1670.2,798.1,752.1,0,484.4,2078.7,Kühlungsborn,POINT (11.756594350000002 54.14377860000001),897.6903309475016,2503.231836476664,
35,35,5,0.0,Ostseekino,Ostseekino_KühlungsbornOsttrainstation_15.csv,1493.0,560.9,752.1,0,Ostseekino_KühlungsbornOsttrainstation_18.csv,1493.0,560.9,752.1,0,Ostseekino_KühlungsbornOsttrainstation_21.csv,1493.0,560.9,752.1,0,409.4,1262.0,Kühlungsborn,POINT (11.730339811088268 54.14239140820104),984.1416174641756,1186.840808050267,
36,36,6,0.0,Ostseekino,Ostseekino_KühlungsbornZurAsbeck_15.csv,1907.1,1035.0,752.1,0,Ostseekino_KühlungsbornZurAsbeck_18.csv,1907.1,1035.0,752.1,0,Ostseekino_KühlungsbornZurAsbeck_21.csv,1907.1,1035.0,752.1,0,532.9,2450.4,Kühlungsborn,POINT (11.758811386169553 54.13978150356526),921.9318115789804,2814.23197880867,
37,37,7,0.0,Ostseekino,Ostseekino_KühlungsbornZurAsbeck_15.csv,1833.7,961.6,752.1,0,Ostseekino_KühlungsbornZurAsbeck_18.csv,1833.7,961.6,752.1,0,Ostseekino_KühlungsbornZurAsbeck_21.csv,1833.7,961.6,752.1,0,512.6,2377.0,Kühlungsborn,POINT (11.759401200000001 54.1417771),986.8639658918518,2755.0731583392903,
38,38,8,0.0,Ostseekino,Ostseekino_KühlungsbornOsttrainstation_15.csv,1369.5,437.4,752.1,0,Ostseekino_KühlungsbornOsttrainstation_18.csv,1369.5,437.4,752.1,0,Ostseekino_KühlungsbornOsttrainstation_21.csv,1369.5,437.4,752.1,0,366.2,1268.3,Kühlungsborn,POINT (11.731931409077445 54.14426237233886),974.8509200649812,1086.2899225008684,
39,39,9,0.0,Ostseekino,"Ostseekino_Wittenbeck,NasseEcke_15.csv",1772.2,840.1,752.1,0,"Ostseekino_Wittenbeck,NasseEcke_18.csv",1772.2,840.1,752.1,0,"Ostseekino_Wittenbeck,NasseEcke_21.csv",1772.2,840.1,752.1,0,594.8,2375.0,Kühlungsborn,POINT (11.764533323931031 54.148932246960385),1651.048071796707,2887.792151840993,
40,40,0,0.0,Ostseekino,Ostseekino_KühlungsbornOsttrainstation_15.csv,1695.3,763.2,752.1,0,Ostseekino_KühlungsbornOsttrainstation_18.csv,1695.3,763.2,752.1,0,Ostseekino_KühlungsbornOsttrainstation_21.csv,1695.3,763.2,752.1,0,173.8,564.6,Kühlungsborn,POINT (11.727897786725878 54.15073581811748),1644.5128040296486,486.3929718332394,
41,41,1,0.0,Ostseekino,Ostseekino_KühlungsbornOsttrainstation_15.csv,1654.1,722.0,752.1,0,Ostseekino_KühlungsbornOsttrainstation_18.csv,1654.1,722.0,752.1,0,Ostseekino_KühlungsbornOsttrainstation_21.csv,1654.1,722.0,752.1,0,398.0,1092.9,Kühlungsborn,POINT (11.726694049999997 54.143491749999995),1248.979066760009,964.5109496597594,
42,42,2,0.0,Ostseekino,Ostseekino_KühlungsbornOsttrainstation_15.csv,1654.1,722.0,752.1,0,Ostseekino_KühlungsbornOsttrainstation_18.csv,1654.1,722.0,752.1,0,Ostseekino_KühlungsbornOsttrainstation_21.csv,1654.1,722.0,752.1,0,398.0,1092.9,Kühlungsborn,POINT (11.727039869113149 54.14393747414152),1245.4499715936854,929.7790411418966,
43,43,3,0.0,Ostseekino,Ostseekino_KühlungsbornZurAsbeck_15.csv,1727.2,855.1,752.1,0,Ostseekino_KühlungsbornZurAsbeck_18.csv,1727.2,855.1,752.1,0,Ostseekino_KühlungsbornZurAsbeck_21.csv,1727.2,855.1,752.1,0,524.8,2270.5,Kühlungsborn,POINT (11.75481195 54.14078045),670.6140927494245,2531.0460210637,
44,44,4,0.0,Ostseekino,"Ostseekino_Kühlungsborn,Ost_15.csv",1244.9,312.8,752.1,0,"Ostseekino_Kühlungsborn,Ost_18.csv",1244.9,312.8,752.1,0,"Ostseekino_Kühlungsborn,Ost_21.csv",1244.9,312.8,752.1,0,292.9,1344.4,Kühlungsborn,POINT (11.739441199999998 54.14332255),526.7055264835224,1525.8753834131278,
45,45,5,0.0,Ostseekino,Ostseekino_Sabel(bGüstrow)Haus24_15.csv,1677.1,745.0,752.1,0,Ostseekino_Sabel(bGüstrow)Haus24_18.csv,1677.1,745.0,752.1,0,Ostseekino_Sabel(bGüstrow)Haus24_21.csv,1677.1,745.0,752.1,0,389.9,1075.5,Kühlungsborn,POINT (11.739347159521472 54.152836122216065),1499.2212970885805,1240.2034499425758,
46,46,6,0.0,Ostseekino,Ostseekino_KühlungsbornOsttrainstation_15.csv,1403.8,471.7,752.1,0,Ostseekino_KühlungsbornOsttrainstation_18.csv,1403.8,471.7,752.1,0,Ostseekino_KühlungsbornOsttrainstation_21.csv,1403.8,471.7,752.1,0,377.6,1250.0,Kühlungsborn,POINT (11.73159315 54.144310499999996),996.570209888308,1067.3059639027304,
47,47,7,0.0,Ostseekino,"Ostseekino_Wittenbeck,NasseEcke_15.csv",1530.0,597.9,752.1,0,"Ostseekino_Wittenbeck,NasseEcke_18.csv",1530.0,597.9,752.1,0,"Ostseekino_Wittenbeck,NasseEcke_21.csv",1530.0,597.9,752.1,0,565.5,2393.4,Kühlungsborn,POINT (11.76348709541681 54.14355691684241),1298.9199268649415,2938.376109883722,
48,48,8,0.0,Ostseekino,Ostseekino_KühlungsbornZurAsbeck_15.csv,1556.8,624.7,752.1,0,Ostseekino_KühlungsbornZurAsbeck_18.csv,1556.8,624.7,752.1,0,Ostseekino_KühlungsbornZurAsbeck_21.csv,1556.8,624.7,752.1,0,527.0,2217.6,Kühlungsborn,POINT (11.758994399999999 54.149315849999994),1417.0936303917708,2523.4751502261583,
49,49,9,0.0,Ostseekino,"Ostseekino_Kühlungsborn,PflegeWohnPark_15.csv",2160.7,1228.6,752.1,0,"Ostseekino_Kühlungsborn,PflegeWohnPark_18.csv",2160.7,1228.6,752.1,0,"Ostseekino_Kühlungsborn,PflegeWohnPark_21.csv",2160.7,1228.6,752.1,0,634.0,2526.4,Kühlungsborn,POINT (11.767491958762601 54.15168422118987),1996.2307463664188,3068.480383070382,
50,50,0,0.0,Ostseekino,"Ostseekino_Kühlungsborn,Schloßstraße_15.csv",1764.2,892.1,752.1,0,"Ostseekino_Kühlungsborn,Schloßstraße_18.csv",1764.2,892.1,752.1,0,"Ostseekino_Kühlungsborn,Schloßstraße_21.csv",1764.2,892.1,752.1,0,556.6,1543.5,Kühlungsborn,POINT (11.749394526490706 54.152423894649495),1444.753273610694,1889.4964402042413,
51,51,1,0.0,Ostseekino,Ostseekino_KühlungsbornOsttrainstation_15.csv,1503.6,571.5,752.1,0,Ostseekino_KühlungsbornOsttrainstation_18.csv,1503.6,571.5,752.1,0,Ostseekino_KühlungsbornOsttrainstation_21.csv,1503.6,571.5,752.1,0,221.0,681.6,Kühlungsborn,POINT (11.730352278410278 54.15029111525837),1503.0355853891958,652.7393872476669,
52,52,2,0.0,Ostseekino,Ostseekino_Bastorf_15.csv,1637.4,705.3,752.1,0,Ostseekino_Bastorf_18.csv,1637.4,705.3,752.1,0,Ostseekino_Bastorf_21.csv,1637.4,705.3,752.1,0,221.2,763.9,Kühlungsborn,POINT (11.724668988614287 54.14479512550946),1425.2001779647371,779.7239142191298,
53,53,3,0.0,Ostseekino,"Ostseekino_Kühlungsborn,Ost_15.csv",1645.8,713.7,752.1,0,"Ostseekino_Kühlungsborn,Ost_18.csv",1645.8,713.7,752.1,0,"Ostseekino_Kühlungsborn,Ost_21.csv",1645.8,713.7,752.1,0,322.8,763.3,Kühlungsborn,POINT (11.732216799999998 54.1521044),1600.065667040387,767.9090154474834,
54,54,4,0.0,Ostseekino,Ostseekino_Bastorf_15.csv,1757.4,825.3,752.1,0,Ostseekino_Bastorf_18.csv,1757.4,825.3,752.1,0,Ostseekino_Bastorf_21.csv,1757.4,825.3,752.1,0,360.4,1135.2,Kühlungsborn,POINT (11.725584550000002 54.14168265),1268.1913018220828,1127.2352718290529,
55,55,5,0.0,Ostseekino,"Ostseekino_Kühlungsborn,Fulgen_15.csv",2174.6,1242.5,752.1,0,"Ostseekino_Kühlungsborn,Fulgen_18.csv",2174.6,1242.5,752.1,0,"Ostseekino_Kühlungsborn,Fulgen_21.csv",2174.6,1242.5,752.1,0,400.4,2259.1,Kühlungsborn,POINT (11.750927268688832 54.13931779446401),409.3475568947204,2396.586067573728,
56,56,6,0.0,Ostseekino,Ostseekino_KühlungsbornZurAsbeck_15.csv,1662.9,730.8,752.1,0,Ostseekino_KühlungsbornZurAsbeck_18.csv,1662.9,730.8,752.1,0,Ostseekino_KühlungsbornZurAsbeck_21.csv,1662.9,730.8,752.1,0,522.1,2084.6,Kühlungsborn,POINT (11.7587853779035 54.15010030012226),1475.3251228653169,2503.4235665392857,
57,57,7,0.0,Ostseekino,"Ostseekino_Kühlungsborn,Schloßstraße_15.csv",1781.0,908.9,752.1,0,"Ostseekino_Kühlungsborn,Schloßstraße_18.csv",1781.0,908.9,752.1,0,"Ostseekino_Kühlungsborn,Schloßstraße_21.csv",1781.0,908.9,752.1,0,570.5,1585.2,Kühlungsborn,POINT (11.750081008586188 54.152577757749604),1471.5534160127054,1935.378379127348,
58,58,8,0.0,Ostseekino,"Ostseekino_Kühlungsborn,Friedhof_15.csv",2553.9,1621.8,752.1,0,"Ostseekino_Kühlungsborn,Friedhof_18.csv",2553.9,1621.8,752.1,0,"Ostseekino_Kühlungsborn,Friedhof_21.csv",2553.9,1621.8,752.1,0,466.8,2638.5,Kühlungsborn,POINT (11.751560503553739 54.134054949627135),775.296582167222,2797.230235785752,
59,59,9,0.0,Ostseekino,Ostseekino_KühlungsbornZurAsbeck_15.csv,1730.6,858.5,752.1,0,Ostseekino_KühlungsbornZurAsbeck_18.csv,1730.6,858.5,752.1,0,Ostseekino_KühlungsbornZurAsbeck_21.csv,1730.6,858.5,752.1,0,481.9,2273.9,Kühlungsborn,POINT (11.756403255671556 54.14136660545023),785.6831498036216,2594.863954313344,
60,60,0,0.0,Ostseekino,"Ostseekino_Kühlungsborn,Mitte_15.csv",2726.2,408.0,2078.2,0,"Ostseekino_Kühlungsborn,Mitte_18.csv",2726.2,408.0,2078.2,0,"Ostseekino_Kühlungsborn,Mitte_21.csv",2726.2,408.0,2078.2,0,256.3,936.9,Kühlungsborn,POINT (11.7211016 54.14433534999999),1625.1523511386436,783.4097692207067,
61,61,1,0.0,Ostseekino,Ostseekino_KühlungsbornZurAsbeck_15.csv,1829.1,957.0,752.1,0,Ostseekino_KühlungsbornZurAsbeck_18.csv,1829.1,957.0,752.1,0,Ostseekino_KühlungsbornZurAsbeck_21.csv,1829.1,957.0,752.1,0,514.7,2372.4,Kühlungsborn,POINT (11.758000530431696 54.140409633798406),872.1164567220416,2735.3463305768223,
62,62,2,0.0,Ostseekino,"Ostseekino_Kühlungsborn,Schulzentrum_15.csv",1516.0,643.9,752.1,0,"Ostseekino_Kühlungsborn,Schulzentrum_18.csv",1516.0,643.9,752.1,0,"Ostseekino_Kühlungsborn,Schulzentrum_21.csv",1516.0,643.9,752.1,0,386.4,2131.3,Kühlungsborn,POINT (11.752403483285748 54.14203700259019),564.384019528085,2327.1681384873373,
63,63,3,0.0,Ostseekino,"Ostseekino_Kühlungsborn,PflegeWohnPark_15.csv",1882.7,950.6,752.1,0,"Ostseekino_Kühlungsborn,PflegeWohnPark_18.csv",1882.7,950.6,752.1,0,"Ostseekino_Kühlungsborn,PflegeWohnPark_21.csv",1882.7,950.6,752.1,0,619.0,2485.7,Kühlungsborn,POINT (11.767326842546257 54.150022442243056),1869.5908396589343,3061.202000616045,
64,64,4,0.0,Ostseekino,Ostseekino_KühlungsbornOsttrainstation_15.csv,1369.1,437.0,752.1,0,Ostseekino_KühlungsbornOsttrainstation_18.csv,1369.1,437.0,752.1,0,Ostseekino_KühlungsbornOsttrainstation_21.csv,1369.1,437.0,752.1,0,339.1,1453.6,Kühlungsborn,POINT (11.734244627261887 54.140659356963624),691.2753510041199,1491.0154737621624,
65,65,5,0.0,Ostseekino,"Ostseekino_Kühlungsborn,PflegeWohnPark_15.csv",1776.5,844.4,752.1,0,"Ostseekino_Kühlungsborn,PflegeWohnPark_18.csv",1776.5,844.4,752.1,0,"Ostseekino_Kühlungsborn,PflegeWohnPark_21.csv",1776.5,844.4,752.1,0,573.4,2578.8,Kühlungsborn,POINT (11.766991714625265 54.1466147769686),1645.254512225196,3081.489956756872,
66,66,6,0.0,Ostseekino,Ostseekino_KühlungsbornZurAsbeck_15.csv,1522.1,650.0,752.1,0,Ostseekino_KühlungsbornZurAsbeck_18.csv,1522.1,650.0,752.1,0,Ostseekino_KühlungsbornZurAsbeck_21.csv,1522.1,650.0,752.1,0,413.1,2065.4,Kühlungsborn,POINT (11.753632080535306 54.14210775245332),640.2026291181854,2395.884413558077,
67,67,7,0.0,Ostseekino,"Ostseekino_Kühlungsborn,Schloßstraße_15.csv",1831.8,899.7,752.1,0,"Ostseekino_Kühlungsborn,Schloßstraße_18.csv",1831.8,899.7,752.1,0,"Ostseekino_Kühlungsborn,Schloßstraße_21.csv",1831.8,899.7,752.1,0,77.4,226.9,Kühlungsborn,POINT (11.721931478350356 54.15144474243611),1977.925847200178,91.91171423748077,
68,68,8,0.0,Ostseekino,Ostseekino_KühlungsbornOsttrainstation_15.csv,1399.5,467.4,752.1,0,Ostseekino_KühlungsbornOsttrainstation_18.csv,1399.5,467.4,752.1,0,Ostseekino_KühlungsbornOsttrainstation_21.csv,1399.5,467.4,752.1,0,216.8,755.1,Kühlungsborn,POINT (11.7265853 54.14690085),1427.4370432802327,635.1828715374907,
69,69,9,0.0,Ostseekino,"Ostseekino_Kühlungsborn,Mitte_15.csv",2722.1,403.9,2078.2,0,"Ostseekino_Kühlungsborn,Mitte_18.csv",2722.1,403.9,2078.2,0,"Ostseekino_Kühlungsborn,Mitte_21.csv",2722.1,403.9,2078.2,0,254.9,932.8,Kühlungsborn,POINT (11.72118435 54.14393205),1606.4169366758229,828.5124682057535,
70,70,0,0.0,Ostseekino,Ostseekino_KühlungsbornOsttrainstation_15.csv,1516.4,584.3,752.1,0,Ostseekino_KühlungsbornOsttrainstation_18.csv,1516.4,584.3,752.1,0,Ostseekino_KühlungsbornOsttrainstation_21.csv,1516.4,584.3,752.1,0,417.1,1230.6,Kühlungsborn,POINT (11.72920505 54.14267435),1064.3589057080508,1121.2097465981851,
71,71,1,0.0,Ostseekino,Ostseekino_KühlungsbornZurAsbeck_15.csv,1510.7,578.6,752.1,0,Ostseekino_KühlungsbornZurAsbeck_18.csv,1510.7,578.6,752.1,0,Ostseekino_KühlungsbornZurAsbeck_21.csv,1510.7,578.6,752.1,0,514.7,2213.2,Kühlungsborn,POINT (11.760474758253581 54.1478478574327),1369.8794046763485,2639.119918831875,
72,72,2,0.0,Ostseekino,"Ostseekino_Kühlungsborn,PflegeWohnPark_15.csv",1809.0,876.9,752.1,0,"Ostseekino_Kühlungsborn,PflegeWohnPark_18.csv",1809.0,876.9,752.1,0,"Ostseekino_Kühlungsborn,PflegeWohnPark_21.csv",1809.0,876.9,752.1,0,669.2,2672.4,Kühlungsborn,POINT (11.766707037096992 54.1444418213902),1530.1734717384331,3114.1236421983235,
73,73,3,0.0,Ostseekino,"Ostseekino_Kühlungsborn,Schloßstraße_15.csv",1914.9,982.8,752.1,0,"Ostseekino_Kühlungsborn,Schloßstraße_18.csv",1914.9,982.8,752.1,0,"Ostseekino_Kühlungsborn,Schloßstraße_21.csv",1914.9,982.8,752.1,0,479.8,1313.3,Kühlungsborn,POINT (11.745005148071899 54.15244346793169),1414.196844966558,1603.528421837785,
74,74,4,0.0,Ostseekino,"Ostseekino_Kühlungsborn,PflegeWohnPark_15.csv",1790.3,858.2,752.1,0,"Ostseekino_Kühlungsborn,PflegeWohnPark_18.csv",1790.3,858.2,752.1,0,"Ostseekino_Kühlungsborn,PflegeWohnPark_21.csv",1790.3,858.2,752.1,0,576.2,2592.6,Kühlungsborn,POINT (11.767126667313951 54.146460501786024),1645.1897451530645,3093.1679342263483,
75,75,5,0.0,Ostseekino,"Ostseekino_Kühlungsborn,PflegeWohnPark_15.csv",1716.4,544.3,752.1,0,"Ostseekino_Kühlungsborn,PflegeWohnPark_18.csv",1716.4,544.3,752.1,0,"Ostseekino_Kühlungsborn,PflegeWohnPark_21.csv",1716.4,544.3,752.1,0,580.9,2596.5,Kühlungsborn,POINT (11.7660446680984 54.146870133223274),1604.5917896648464,3015.6900044934355,
76,76,6,0.0,Ostseekino,"Ostseekino_Wittenbeck,NasseEcke_15.csv",1745.9,813.8,752.1,0,"Ostseekino_Wittenbeck,NasseEcke_18.csv",1745.9,813.8,752.1,0,"Ostseekino_Wittenbeck,NasseEcke_21.csv",1745.9,813.8,752.1,0,573.4,2526.8,Kühlungsborn,POINT (11.765896142022752 54.148607931193254),1700.6255582948008,2979.970660129767,
77,77,7,0.0,Ostseekino,Ostseekino_KühlungsbornZurAsbeck_15.csv,1470.3,538.2,752.1,0,Ostseekino_KühlungsbornZurAsbeck_18.csv,1470.3,538.2,752.1,0,Ostseekino_KühlungsbornZurAsbeck_21.csv,1470.3,538.2,752.1,0,552.2,2333.7,Kühlungsborn,POINT (11.761706850000001 54.146305250000005),1329.8842749392877,2748.794994232081,
78,78,8,0.0,Ostseekino,Ostseekino_KühlungsbornZurAsbeck_15.csv,1798.9,926.8,752.1,0,Ostseekino_KühlungsbornZurAsbeck_18.csv,1798.9,926.8,752.1,0,Ostseekino_KühlungsbornZurAsbeck_21.csv,1798.9,926.8,752.1,0,518.8,2342.2,Kühlungsborn,POINT (11.756081020281876 54.140286864176595),745.9638232450311,2630.047410105096,
79,79,9,0.0,Ostseekino,Ostseekino_KühlungsbornZurAsbeck_15.csv,1313.8,381.7,752.1,0,Ostseekino_KühlungsbornZurAsbeck_18.csv,1313.8,381.7,752.1,0,Ostseekino_KühlungsbornZurAsbeck_21.csv,1313.8,381.7,752.1,0,488.2,2158.0,Kühlungsborn,POINT (11.759434448699688 54.14633681599585),1210.7015551392017,2602.8824725977865,
80,80,0,0.0,Ostseekino,Ostseekino_KühlungsbornOsttrainstation_15.csv,1508.2,576.1,752.1,0,Ostseekino_KühlungsbornOsttrainstation_18.csv,1508.2,576.1,752.1,0,Ostseekino_KühlungsbornOsttrainstation_21.csv,1508.2,576.1,752.1,0,414.5,1277.2,Kühlungsborn,POINT (11.72994108153636 54.142175284595),1002.2590706109032,1193.528693223857,
81,81,1,0.0,Ostseekino,Ostseekino_KühlungsbornOsttrainstation_15.csv,1477.7,545.6,752.1,0,Ostseekino_KühlungsbornOsttrainstation_18.csv,1477.7,545.6,752.1,0,Ostseekino_KühlungsbornOsttrainstation_21.csv,1477.7,545.6,752.1,0,235.5,754.3,Kühlungsborn,POINT (11.729777948164548 54.14944452254817),1455.499134868841,640.8949046312503,
82,82,2,0.0,Ostseekino,Ostseekino_KühlungsbornZurAsbeck_15.csv,1429.0,496.9,752.1,0,Ostseekino_KühlungsbornZurAsbeck_18.csv,1429.0,496.9,752.1,0,Ostseekino_KühlungsbornZurAsbeck_21.csv,1429.0,496.9,752.1,0,538.5,2292.4,Kühlungsborn,POINT (11.762083978203375 54.144022398577924),1231.7445520052154,2835.541874344452,
83,83,3,0.0,Ostseekino,Ostseekino_KühlungsbornZurAsbeck_15.csv,1975.6,1103.5,752.1,0,Ostseekino_KühlungsbornZurAsbeck_18.csv,1975.6,1103.5,752.1,0,Ostseekino_KühlungsbornZurAsbeck_21.csv,1975.6,1103.5,752.1,0,485.8,2518.9,Kühlungsborn,POINT (11.75380804611276 54.13831418653125),615.7178227495318,2615.166583714599,
84,84,4,0.0,Ostseekino,Ostseekino_KühlungsbornZurAsbeck_15.csv,1713.1,841.0,752.1,0,Ostseekino_KühlungsbornZurAsbeck_18.csv,1713.1,841.0,752.1,0,Ostseekino_KühlungsbornZurAsbeck_21.csv,1713.1,841.0,752.1,0,527.6,2256.4,Kühlungsborn,POINT (11.754560633311273 54.140877653448044),656.4440106312823,2511.473306663019,
85,85,5,0.0,Ostseekino,Ostseekino_KühlungsbornOsttrainstation_15.csv,1214.2,282.1,752.1,0,Ostseekino_KühlungsbornOsttrainstation_18.csv,1214.2,282.1,752.1,0,Ostseekino_KühlungsbornOsttrainstation_21.csv,1214.2,282.1,752.1,0,289.7,979.1,Kühlungsborn,POINT (11.733792679190884 54.148612495614884),1218.1861280211897,919.0876783437512,
86,86,6,0.0,Ostseekino,Ostseekino_KühlungsbornZurAsbeck_15.csv,1412.6,480.5,752.1,0,Ostseekino_KühlungsbornZurAsbeck_18.csv,1412.6,480.5,752.1,0,Ostseekino_KühlungsbornZurAsbeck_21.csv,1412.6,480.5,752.1,0,533.0,2276.0,Kühlungsborn,POINT (11.761438360483249 54.14371027538093),1179.502087806537,2805.53750975522,
87,87,7,0.0,Ostseekino,Ostseekino_KühlungsbornZurAsbeck_15.csv,1835.7,963.6,752.1,0,Ostseekino_KühlungsbornZurAsbeck_18.csv,1835.7,963.6,752.1,0,Ostseekino_KühlungsbornZurAsbeck_21.csv,1835.7,963.6,752.1,0,513.2,2379.0,Kühlungsborn,POINT (11.75885316632149 54.14209444825821),961.0666900185548,2708.4300300148884,
88,88,8,0.0,Ostseekino,Ostseekino_KühlungsbornZurAsbeck_15.csv,1724.7,792.6,752.1,0,Ostseekino_KühlungsbornZurAsbeck_18.csv,1724.7,792.6,752.1,0,Ostseekino_KühlungsbornZurAsbeck_21.csv,1724.7,792.6,752.1,0,645.8,1996.8,Kühlungsborn,POINT (11.757706216158969 54.1512766152378),1539.7737422440257,2428.933175115594,
89,89,9,0.0,Ostseekino,Ostseekino_KühlungsbornOsttrainstation_15.csv,1119.0,186.9,752.1,0,Ostseekino_KühlungsbornOsttrainstation_18.csv,1119.0,186.9,752.1,0,Ostseekino_KühlungsbornOsttrainstation_21.csv,1119.0,186.9,752.1,0,294.7,1203.6,Kühlungsborn,POINT (11.73534137836664 54.143863752615225),765.0034363506079,1278.19083505296,
90,90,0,0.0,Ostseekino,Ostseekino_KühlungsbornZurAsbeck_15.csv,2812.2,1880.1,752.1,0,Ostseekino_KühlungsbornZurAsbeck_18.csv,2812.2,1880.1,752.1,0,Ostseekino_KühlungsbornZurAsbeck_21.csv,2812.2,1880.1,752.1,0,506.0,2896.8,Kühlungsborn,POINT (11.753095023613383 54.13081161241806),1134.987775734353,3124.597323709921,
91,91,1,0.0,Ostseekino,Ostseekino_KühlungsbornOsttrainstation_15.csv,1293.8,361.7,752.1,0,Ostseekino_KühlungsbornOsttrainstation_18.csv,1293.8,361.7,752.1,0,Ostseekino_KühlungsbornOsttrainstation_21.csv,1293.8,361.7,752.1,0,231.8,765.6,Kühlungsborn,POINT (11.729604131184715 54.14865570149658),1399.570861060361,665.1455276437458,
92,92,2,0.0,Ostseekino,Ostseekino_KühlungsbornOsttrainstation_15.csv,1303.2,371.1,752.1,0,Ostseekino_KühlungsbornOsttrainstation_18.csv,1303.2,371.1,752.1,0,Ostseekino_KühlungsbornOsttrainstation_21.csv,1303.2,371.1,752.1,0,243.9,829.6,Kühlungsborn,POINT (11.7285745 54.14693045),1323.585695039441,721.0530444472116,
93,93,3,0.0,Ostseekino,"Ostseekino_Bastorf,GMZ_15.csv",2895.0,576.8,2078.2,0,"Ostseekino_Bastorf,GMZ_18.csv",2895.0,576.8,2078.2,0,"Ostseekino_Bastorf,GMZ_21.csv",2895.0,576.8,2078.2,0,383.8,1105.7,Kühlungsborn,POINT (11.722487250000002 54.140918199999994),1457.9585674869293,1169.8766600526578,
94,94,4,0.0,Ostseekino,Ostseekino_KühlungsbornZurAsbeck_15.csv,1422.5,490.4,752.1,0,Ostseekino_KühlungsbornZurAsbeck_18.csv,1422.5,490.4,752.1,0,Ostseekino_KühlungsbornZurAsbeck_21.csv,1422.5,490.4,752.1,0,533.4,2285.9,Kühlungsborn,POINT (11.76156391438146 54.14702652662241),1368.0989539551442,2724.2585025179046,
95,95,5,0.0,Ostseekino,Ostseekino_KühlungsbornZurAsbeck_15.csv,1753.1,881.0,752.1,0,Ostseekino_KühlungsbornZurAsbeck_18.csv,1753.1,881.0,752.1,0,Ostseekino_KühlungsbornZurAsbeck_21.csv,1753.1,881.0,752.1,0,485.7,2296.4,Kühlungsborn,POINT (11.75758490469298 54.14138991732343),861.5625600937805,2663.738715308019,
96,96,6,0.0,Ostseekino,Ostseekino_KühlungsbornZurAsbeck_15.csv,1371.5,439.4,752.1,0,Ostseekino_KühlungsbornZurAsbeck_18.csv,1371.5,439.4,752.1,0,Ostseekino_KühlungsbornZurAsbeck_21.csv,1371.5,439.4,752.1,0,541.9,2234.9,Kühlungsborn,POINT (11.7607911 54.1465771),1297.816156890492,2684.0753962039253,
97,97,7,0.0,Ostseekino,Ostseekino_Bastorf_15.csv,1645.1,713.0,752.1,0,Ostseekino_Bastorf_18.csv,1645.1,713.0,752.1,0,Ostseekino_Bastorf_21.csv,1645.1,713.0,752.1,0,216.1,771.5,Kühlungsborn,POINT (11.72375205 54.14493300000001),1486.3423387531584,746.290144230657,
98,98,8,0.0,Ostseekino,"Ostseekino_Kühlungsborn,HotelKühlung_15.csv",1725.2,793.1,752.1,0,"Ostseekino_Kühlungsborn,HotelKühlung_18.csv",1725.2,793.1,752.1,0,"Ostseekino_Kühlungsborn,HotelKühlung_21.csv",1725.2,793.1,752.1,0,637.2,2588.6,Kühlungsborn,POINT (11.7667725 54.142625499999994),1477.5233318385249,3174.3478040583427,
99,99,9,0.0,Ostseekino,"Ostseekino_Kühlungsborn,Schloßstraße_15.csv",1849.7,977.6,752.1,0,"Ostseekino_Kühlungsborn,Schloßstraße_18.csv",1849.7,977.6,752.1,0,"Ostseekino_Kühlungsborn,Schloßstraße_21.csv",1849.7,977.6,752.1,0,560.7,1555.8,Kühlungsborn,POINT (11.75035405727598 54.15261103120703),1479.5006291624695,1953.4339313906944,
100,0,0,,Ostseekino,"Ostseekino_Kühlungsborn,GrünerWeg_15.csv",3422.1,2130.0,752.1,0,"Ostseekino_Kühlungsborn,GrünerWeg_18.csv",3422.1,2130.0,752.1,0,"Ostseekino_Kühlungsborn,GrünerWeg_21.csv",3422.1,2130.0,752.1,0,673.1,4658.8,Kühlungsborn,POINT (11.776462652944389 54.11533172873371),3419.222903558053,5427.073013958127,
101,1,0,,Ostseekino,"Ostseekino_Kühlungsborn,GrünerWeg_15.csv",2660.4,543.9,1576.5,0,"Ostseekino_Kühlungsborn,GrünerWeg_18.csv",2660.4,543.9,1576.5,0,"Ostseekino_Kühlungsborn,GrünerWeg_21.csv",2660.4,543.9,1576.5,0,585.4,3467.0,Kühlungsborn,POINT (11.778609392446745 54.13312352467445),2335.16523732468,4304.505986348857,
102,2,0,,Ostseekino,Ostseekino_KühlungsbornZurAsbeck_15.csv,2240.4,1368.3,752.1,0,Ostseekino_KühlungsbornZurAsbeck_18.csv,2240.4,1368.3,752.1,0,Ostseekino_KühlungsbornZurAsbeck_21.csv,2240.4,1368.3,752.1,0,,1946.5,Kühlungsborn,POINT (11.757869139810255 54.1541233488113),1817.492082517113,2458.7090342269244,
103,3,0,,Ostseekino,"Ostseekino_Kühlungsborn,PflegeWohnPark_15.csv",2870.9,1938.8,752.1,0,"Ostseekino_Kühlungsborn,PflegeWohnPark_18.csv",2870.9,1938.8,752.1,0,"Ostseekino_Kühlungsborn,PflegeWohnPark_21.csv",2870.9,1938.8,752.1,0,409.4,1391.7,Kühlungsborn,POINT (11.6969525 54.150544),3344.2036187272547,1543.2799546899066,
